0,126,94,145,125,95,177,57,81,37,79,121,129,100,147,164,34,105,60,21,168,84,190,176,141,109,165,79,128,16,175,85,143,151,55,117,86,139,23,128,86,39,56,73,50,27,187,82,165,41,10,36,140,163,142,58,114,102,174,22,136,67,96,138,125,59,44,92,149,115,23,81,127,78,147,96,126,36,150,147,177,137,148,108,67,196,92,150,19,97,174,35,35,130,119,27,97,60,92,194,36,149,168,174,53,119,193,57,152,60,70,24,6,193,114,174,165,59,8,138,161,115,187,187,191,64,140,103,98,185,179,22,164,180,175,169,59,157,105,122,6,23,68,120,116,47,58,120,151,161,166,59,4,192,161
126,0,32,41,34,32,51,69,54,106,58,28,40,27,24,42,107,29,72,113,54,49,67,61,38,29,46,48,26,112,51,53,37,30,76,13,42,15,118,2,51,100,71,61,80,105,72,45,39,95,121,117,43,37,23,71,38,31,51,105,26,60,33,14,20,68,100,50,40,30,120,46,30,51,21,37,17,91,29,37,56,26,43,28,65,70,36,44,108,33,54,92,120,32,28,99,30,75,34,69,95,47,52,64,84,27,68,69,38,67,57,103,124,68,25,50,39,78,131,19,44,13,63,62,74,65,41,25,47,65,56,120,52,59,52,43,69,32,25,17,132,118,59,7,11,80,69,8,32,52,41,67,126,67,43
94,32,0,62,45,2,83,37,32,75,35,38,52,6,55,72,75,24,44,81,81,21,99,89,58,28,75,18,43,80,83,34,59,60,47,24,16,46,86,34,31,68,39,36,50,74,101,16,71,63,89,86,60,69,51,39,40,22,82,73,48,29,16,45,38,36,69,34,64,35,88,14,44,20,53,23,37,59,59,61,87,49,65,26,34,102,13,67,77,17,84,59,89,47,37,67,7,48,8,101,65,68,80,90,53,36,100,38,65,35,25,71,93,100,30,82,72,47,99,47,73,22,95,94,103,33,59,11,36,95,87,88,78,90,83,75,37,64,14,34,100,86,27,26,22,48,37,26,61,77,73,35,94,99,72
145,41,62,0,20,63,49,91,64,134,67,25,18,60,27,29,134,42,85,137,24,83,49,31,4,37,26,69,19,134,40,60,4,23,90,53,61,32,143,41,59,128,97,72,95,120,42,66,45,123,143,145,6,40,20,99,31,45,38,123,16,81,52,32,25,88,130,54,6,31,145,75,19,81,36,50,26,114,22,7,37,15,3,39,96,62,57,5,126,50,34,113,148,16,27,119,56,86,59,60,110,6,25,29,114,27,55,91,12,94,82,125,142,58,33,40,43,108,152,23,20,42,50,52,47,93,5,61,48,43,42,145,19,40,38,42,96,32,63,29,150,143,80,47,50,99,89,48,20,16,39,91,146,58,21
125,34,45,20,0,47,62,71,44,115,47,7,7,44,33,44,115,23,65,117,43,66,67,51,16,18,43,50,9,114,56,40,18,33,70,43,42,32,123,35,39,109,78,52,75,100,62,47,55,103,123,126,16,50,25,80,11,25,54,103,16,61,33,32,14,69,111,34,24,11,125,57,4,64,40,30,17,94,32,23,55,17,23,20,78,78,38,25,106,31,52,94,129,6,8,99,38,66,40,76,90,25,44,49,96,9,72,71,28,74,63,105,122,74,16,55,54,90,132,24,38,29,67,68,66,75,15,47,28,62,59,125,39,58,54,54,77,42,49,17,130,123,60,37,38,79,70,38,32,36,51,72,126,74,38
95,32,2,63,47,0,83,38,34,74,37,40,53,5,55,73,75,25,45,81,82,19,99,90,59,29,76,20,44,80,83,36,60,60,48,23,18,46,86,34,33,68,39,38,51,75,101,18,71,63,89,85,61,69,52,39,42,24,82,74,49,30,18,45,38,37,69,36,64,36,88,14,46,19,53,25,38,59,59,62,87,50,66,28,34,102,15,68,77,19,84,60,88,49,38,67,9,50,10,101,66,69,81,90,53,38,100,38,65,35,25,72,93,100,31,82,71,46,99,47,73,23,95,94,103,33,60,9,37,96,87,88,79,90,83,75,37,64,13,34,100,86,28,25,21,49,38,25,62,78,73,35,95,99,73
177,51,83,49,62,83,0,120,100,157,104,62,64,78,30,19,158,74,120,165,35,99,23,35,50,71,24,98,55,163,11,98,47,29,125,62,91,38,169,49,96,151,122,108,129,155,40,95,13,146,172,168,55,14,38,122,73,77,14,156,46,110,81,39,55,118,151,93,42,68,171,97,58,102,30,84,52,142,30,42,20,45,47,72,116,19,86,46,159,81,21,143,171,56,64,149,80,123,85,18,145,50,31,42,135,63,19,120,36,118,108,154,175,17,66,11,12,128,182,41,30,62,16,12,36,116,53,76,88,26,14,171,37,21,15,9,120,21,75,56,182,169,109,58,62,130,119,58,30,42,11,118,177,16,28
57,69,37,91,71,38,120,0,31,44,30,66,76,43,90,107,44,49,19,46,113,31,133,121,87,54,109,22,73,44,118,36,88,94,18,61,30,82,52,71,36,38,11,25,17,38,132,25,107,33,53,55,87,106,85,15,62,47,117,36,80,10,40,81,69,4,41,41,94,60,54,24,72,23,90,41,70,23,93,92,121,81,94,53,21,138,35,96,40,41,118,23,58,76,64,30,39,24,35,137,30,96,112,120,29,64,136,2,96,10,13,35,56,136,58,117,108,27,62,81,105,58,130,130,136,15,87,47,47,129,122,54,109,124,118,111,11,100,49,66,63,52,11,63,59,12,3,63,95,107,109,5,58,135,105
81,54,32,64,44,34,100,31,0,75,4,40,47,36,70,85,74,26,21,75,87,43,110,95,60,29,86,17,48,71,97,5,62,72,26,51,16,64,81,56,5,69,40,8,31,56,106,17,90,64,80,85,59,87,63,43,33,24,95,59,56,21,21,63,46,27,72,11,68,34,83,30,46,36,72,17,48,52,71,66,98,57,67,29,45,118,20,69,62,21,95,51,88,49,38,55,28,23,24,117,46,68,87,93,59,39,114,30,72,38,29,62,78,115,35,96,90,55,88,60,81,41,108,109,110,40,59,42,17,105,100,83,83,101,96,92,40,79,46,44,86,81,22,50,48,35,28,51,72,80,89,33,83,115,81
37,106,75,134,115,74,157,44,75,0,74,109,120,79,130,147,3,92,59,17,155,58,173,163,130,97,150,65,115,23,157,80,131,134,54,95,73,120,16,108,80,6,37,69,50,44,174,68,144,11,27,11,131,143,126,36,106,89,157,34,122,55,83,119,111,48,7,86,137,104,17,61,115,55,127,85,111,25,133,134,161,123,137,96,41,176,77,139,35,84,159,27,14,119,107,30,79,62,76,175,46,139,154,163,22,107,174,45,138,41,52,22,40,174,101,156,145,29,35,121,147,97,169,168,177,41,130,81,91,170,162,18,152,164,158,149,38,138,82,107,42,16,55,99,95,42,47,99,136,150,147,43,34,173,146
79,58,35,67,47,37,104,30,4,74,0,44,50,40,74,89,73,30,18,73,90,46,113,98,63,33,89,20,51,69,101,7,65,76,23,56,20,68,79,60,8,68,40,5,28,53,109,20,94,63,77,84,62,91,67,44,36,28,99,57,60,22,25,67,50,27,72,13,71,38,82,33,49,38,76,21,52,51,75,70,101,61,70,33,47,122,24,72,59,25,98,49,87,52,42,53,32,19,28,120,43,71,91,96,60,42,118,29,75,38,30,60,75,119,39,100,94,56,85,64,84,45,112,113,113,41,62,46,19,108,104,81,86,104,99,96,40,83,50,48,83,79,23,54,52,34,28,55,76,83,93,33,80,119,85
121,28,38,25,7,40,62,66,40,109,44,0,14,37,32,45,109,17,61,112,47,59,69,55,21,12,45,44,7,110,57,37,22,33,66,36,36,29,118,29,36,103,72,49,71,97,66,41,53,98,118,120,22,49,24,74,11,20,55,99,16,56,27,28,9,64,105,32,28,6,120,50,6,57,37,25,12,89,32,26,57,17,28,14,71,79,32,30,102,25,54,89,123,9,2,94,32,63,34,77,86,30,47,54,90,2,74,66,31,69,57,101,118,75,9,56,53,84,127,22,40,22,68,69,70,69,21,39,26,64,60,120,43,60,56,54,71,41,42,11,126,118,55,30,31,74,65,31,32,41,51,66,122,75,41
129,40,52,18,7,53,64,76,47,120,50,14,0,50,37,45,120,29,68,122,41,72,66,49,15,24,43,55,14,118,57,43,17,35,73,50,47,37,128,41,42,113,83,55,78,103,59,52,57,108,127,131,12,53,28,85,14,31,54,107,20,65,38,37,20,73,116,37,23,17,130,62,10,69,44,35,23,98,34,22,55,20,21,26,83,78,44,23,109,37,51,98,134,9,15,102,45,69,46,77,93,21,42,46,101,16,73,75,28,80,68,109,125,75,22,56,56,96,135,28,37,35,67,69,64,80,12,53,31,60,59,130,37,57,54,56,82,44,56,24,133,128,65,44,45,83,74,45,33,33,53,77,130,75,38
100,27,6,60,44,5,78,43,36,79,40,37,50,0,50,68,80,24,50,86,78,23,94,85,55,27,71,24,41,86,78,38,56,55,53,18,21,41,91,29,35,73,44,41,55,80,97,22,65,68,95,90,58,64,47,44,40,23,78,79,45,35,18,40,35,42,74,37,60,34,93,19,42,24,48,25,34,64,54,58,82,46,62,26,38,97,17,64,82,19,80,65,93,45,35,72,9,54,12,96,71,65,76,86,58,35,95,43,61,40,30,77,98,95,28,77,66,51,104,43,69,18,90,89,99,38,57,5,38,91,82,93,75,85,79,70,42,59,9,31,105,91,33,20,16,54,43,20,57,74,68,40,100,94,68
147,24,55,27,33,55,30,90,70,130,74,32,37,50,0,17,130,44,90,136,31,73,43,38,25,41,21,69,25,134,28,68,23,6,95,37,61,10,141,23,66,123,94,78,99,125,49,66,21,118,143,141,32,17,9,94,43,46,27,126,17,81,51,11,24,89,124,63,22,37,143,69,29,75,9,53,22,113,6,20,32,17,27,41,89,49,56,27,129,50,29,113,144,28,34,120,51,93,55,47,115,31,28,41,108,33,45,91,18,90,79,125,145,46,35,27,21,101,153,10,21,33,40,40,49,88,30,49,58,41,32,143,30,35,28,22,92,9,50,26,153,141,80,32,35,100,90,32,9,32,19,89,148,45,20
164,42,72,29,44,73,19,107,85,147,89,45,45,68,17,0,148,59,106,153,19,90,26,23,30,56,6,85,38,151,12,82,28,13,110,54,77,27,158,40,80,141,111,93,115,140,33,82,19,136,160,158,35,14,22,111,55,62,10,142,29,97,67,28,39,105,142,77,23,51,160,86,40,92,23,68,37,130,14,23,15,28,27,56,106,34,72,26,145,66,12,130,161,38,47,136,68,108,72,32,130,30,15,28,126,46,29,107,17,107,96,142,161,30,50,11,17,119,169,26,11,50,24,25,32,106,34,67,71,23,15,160,20,17,11,13,109,11,67,41,169,158,96,49,53,117,106,49,13,24,11,106,164,30,9
34,107,75,134,115,75,158,44,74,3,73,109,120,80,130,148,0,92,57,13,155,59,174,163,130,97,150,65,115,19,158,79,131,135,53,96,73,121,14,109,79,7,37,68,48,41,175,68,145,12,24,11,131,144,126,36,105,90,157,32,122,54,83,120,111,47,10,85,137,104,15,61,116,56,128,85,112,23,134,134,162,123,137,96,42,177,77,139,32,84,159,25,14,119,107,27,80,60,76,176,43,139,155,163,24,107,175,45,139,41,52,20,37,175,101,157,146,31,33,122,147,98,170,169,178,42,130,82,91,170,162,15,152,165,159,150,39,139,83,108,39,14,54,100,96,40,46,100,136,150,148,43,31,174,147
105,29,24,42,23,25,74,49,26,92,30,17,29,24,44,59,92,0,47,96,63,44,84,71,37,4,60,28,23,93,71,24,39,46,51,31,19,37,101,31,22,86,56,34,56,81,83,25,64,81,102,103,38,60,37,57,17,3,69,83,31,39,10,36,20,47,88,21,45,12,104,34,23,41,46,9,22,73,45,42,72,32,45,3,55,92,15,47,86,9,69,72,106,26,15,78,16,49,18,91,71,47,63,71,73,15,88,49,47,52,40,84,102,89,9,70,64,67,111,34,56,17,83,83,86,52,38,28,18,80,74,103,60,75,70,66,54,53,32,18,110,101,38,27,26,58,48,28,47,57,63,49,106,89,56
60,72,44,85,65,45,120,19,21,59,18,61,68,50,90,106,57,47,0,56,108,46,131,116,81,50,106,25,69,51,117,25,83,93,5,67,31,83,62,74,26,53,30,13,10,35,127,28,109,49,59,68,80,107,83,34,54,44,116,38,77,17,39,82,67,16,57,31,89,55,64,35,67,38,91,37,68,34,92,87,119,78,88,49,40,139,36,90,41,40,115,32,71,70,59,35,43,5,39,137,25,89,108,114,48,60,135,17,93,29,27,43,57,136,55,116,110,46,67,80,102,59,129,130,131,34,80,54,37,126,121,64,104,121,116,112,31,100,58,65,65,62,19,67,64,17,16,68,93,101,109,24,62,135,102
21,113,81,137,117,81,165,46,75,17,73,112,122,86,136,153,13,96,56,0,159,68,179,167,133,100,155,68,119,7,164,80,135,140,51,103,77,127,6,116,80,18,42,68,46,32,179,71,152,22,11,17,133,150,131,43,107,93,163,22,127,57,86,126,115,49,23,86,140,107,9,67,119,63,134,87,116,23,139,138,167,128,140,99,50,184,81,142,22,88,164,24,18,122,110,21,85,57,81,182,37,142,159,166,34,110,181,47,143,46,57,13,24,181,105,163,153,41,20,127,152,103,176,175,182,49,133,89,92,175,168,8,156,170,164,156,44,145,91,112,26,6,57,107,103,40,48,107,141,153,154,47,18,180,151
168,54,81,24,43,82,35,113,87,155,90,47,41,78,31,19,155,63,108,159,0,101,26,8,27,59,12,91,40,157,24,83,25,25,113,67,83,40,165,53,82,149,118,95,118,143,19,88,38,144,165,166,29,33,31,119,54,66,21,146,33,103,73,41,44,111,150,77,19,53,167,95,41,101,39,72,44,136,25,21,17,32,21,60,115,42,78,19,149,72,14,136,169,38,49,141,76,109,79,40,133,21,4,10,134,49,35,113,17,115,103,148,165,38,54,24,36,128,174,35,10,59,29,34,23,114,29,78,72,20,23,167,4,18,20,31,117,28,79,48,173,165,102,61,64,121,112,62,22,9,29,113,169,39,11
84,49,21,83,66,19,99,31,43,58,46,59,72,23,73,90,59,44,46,68,101,0,116,109,78,48,94,26,64,68,100,47,79,78,47,37,30,63,72,51,45,52,27,44,48,69,120,27,86,48,77,69,81,85,70,25,60,42,100,65,68,29,35,62,58,33,52,50,84,55,73,13,65,9,69,41,57,48,77,81,105,69,85,47,17,118,31,87,68,36,102,49,72,68,57,58,28,52,26,117,61,88,99,110,36,57,117,33,84,24,20,60,83,116,50,99,87,29,87,66,92,42,112,110,122,20,80,24,53,114,105,74,98,108,101,91,25,81,24,54,89,72,27,42,38,43,33,41,80,97,90,27,83,115,91
190,67,99,49,67,99,23,133,110,173,113,69,66,94,43,26,174,84,131,179,26,116,0,21,52,81,24,111,62,177,17,107,49,39,135,80,103,53,184,66,105,167,137,118,140,166,20,108,35,162,186,184,55,33,48,138,78,87,16,168,54,123,93,54,64,131,168,101,43,76,186,112,64,118,47,94,63,156,40,44,12,53,46,82,132,18,98,44,171,92,15,156,187,61,71,162,94,133,98,16,156,47,24,28,152,71,10,133,39,133,122,168,187,14,76,17,33,145,195,52,29,76,8,14,14,132,54,93,95,7,12,186,31,9,15,27,135,35,93,67,195,184,122,75,79,142,132,75,38,36,28,132,190,16,29
176,61,89,31,51,90,35,121,95,163,98,55,49,85,38,23,163,71,116,167,8,109,21,0,35,67,17,99,48,165,24,91,33,32,121,74,91,47,173,60,90,157,126,103,126,151,11,96,41,152,173,174,37,37,38,127,62,74,21,154,41,111,81,48,52,119,158,85,27,61,175,103,49,109,45,80,52,144,32,29,15,40,28,68,123,39,86,26,157,80,14,144,177,46,57,149,84,117,87,37,141,28,9,7,142,57,31,121,25,123,111,156,173,34,63,24,39,136,182,43,17,67,26,31,15,122,36,85,79,14,22,175,12,16,20,34,125,33,86,56,181,173,110,68,72,129,120,69,29,16,32,121,177,36,18
141,38,58,4,16,59,50,87,60,130,63,21,15,55,25,30,130,37,81,133,27,78,52,35,0,33,28,65,15,130,42,56,3,22,86,49,57,29,139,38,55,123,93,68,91,116,46,62,45,118,139,141,6,40,18,94,27,40,39,119,12,76,47,29,21,84,125,50,9,26,141,70,14,77,34,46,22,110,22,8,40,12,7,34,91,64,52,9,122,46,37,109,144,11,23,114,51,82,54,62,106,10,28,33,110,23,58,86,14,89,78,121,138,60,29,41,43,104,147,20,22,38,52,54,50,89,4,57,44,46,44,141,23,43,40,42,91,31,59,25,146,139,76,43,45,94,85,44,20,20,39,87,142,60,23
109,29,28,37,18,29,71,54,29,97,33,12,24,27,41,56,97,4,50,100,59,48,81,67,33,0,56,32,19,97,67,27,35,43,55,32,24,35,106,31,25,90,60,37,59,85,79,29,61,85,106,108,34,58,34,61,13,7,66,87,27,43,14,34,17,51,92,22,40,7,108,38,19,45,44,13,19,77,42,38,69,28,40,1,59,89,20,42,90,13,65,76,111,22,10,82,21,52,22,87,75,42,59,66,77,10,85,53,43,56,45,88,106,86,5,66,61,72,115,30,52,17,79,80,82,56,33,31,18,76,71,108,55,72,66,63,59,50,34,15,114,106,43,28,27,62,52,29,43,53,60,54,110,85,52
165,46,75,26,43,76,24,109,86,150,89,45,43,71,21,6,150,60,106,155,12,94,24,17,28,56,0,87,38,153,14,82,26,16,111,59,79,31,160,44,81,144,114,94,116,141,27,84,25,138,162,161,33,21,24,114,54,63,11,143,29,99,69,32,40,107,145,77,20,51,163,89,40,95,28,69,39,132,17,21,12,28,24,57,109,36,74,23,146,68,9,132,164,37,47,138,70,108,74,34,131,26,9,22,129,47,30,109,15,110,98,144,163,32,51,14,23,122,171,28,6,53,24,26,28,108,31,71,71,20,16,162,14,15,11,19,112,16,71,43,170,160,98,53,57,118,108,53,14,18,17,108,166,32,5
79,48,18,69,50,20,98,22,17,65,20,44,55,24,69,85,65,28,25,68,91,26,111,99,65,32,87,0,51,66,97,21,66,72,29,42,8,60,74,50,20,59,28,19,32,57,110,3,86,53,75,76,66,84,63,30,41,25,95,57,58,12,18,59,47,20,61,25,72,39,76,13,51,19,68,20,48,45,71,70,99,59,72,31,30,117,13,74,60,19,96,45,79,54,42,51,18,30,14,116,47,74,90,98,46,42,114,22,74,25,14,57,77,114,36,96,87,41,84,59,83,36,108,108,114,26,65,29,29,107,100,76,87,102,96,90,27,78,33,44,84,74,11,42,39,32,21,43,73,85,87,22,79,114,83
128,26,43,19,9,44,55,73,48,115,51,7,14,41,25,38,115,23,69,119,40,64,62,48,15,19,38,51,0,116,50,44,16,26,73,37,43,24,125,27,43,109,79,56,78,104,60,48,47,104,125,126,18,43,17,80,18,26,48,106,9,62,33,23,7,70,111,39,21,13,127,56,4,62,31,32,9,96,25,19,50,10,22,20,77,72,38,24,109,32,47,95,129,5,9,101,37,70,40,70,94,25,40,48,95,9,67,72,24,75,63,107,125,68,14,49,46,89,134,16,33,23,61,62,63,74,16,42,34,57,53,127,36,53,48,47,77,34,45,11,133,125,62,30,32,81,71,31,25,34,44,73,129,68,33
16,112,80,134,114,80,163,44,71,23,69,110,118,86,134,151,19,93,51,7,157,68,177,165,130,97,153,66,116,0,162,76,132,138,46,103,74,126,13,114,76,23,41,64,41,25,176,69,151,25,9,25,130,149,129,43,104,90,161,16,124,54,84,125,113,46,28,82,138,104,15,66,116,63,133,84,114,21,137,135,165,125,137,96,51,182,79,139,15,85,162,21,26,119,108,16,83,52,79,181,30,139,156,163,37,107,179,44,140,45,56,9,18,180,102,161,152,43,19,125,149,101,174,174,179,49,130,89,88,173,166,14,153,168,162,155,44,144,91,110,22,13,55,106,102,36,45,106,139,150,153,45,15,179,149
175,51,83,40,56,83,11,118,97,157,101,57,57,78,28,12,158,71,117,164,24,100,17,24,42,67,14,97,50,162,0,94,39,25,122,64,89,37,169,50,92,151,122,105,126,152,30,94,19,146,171,169,47,17,34,122,67,74,3,154,41,109,79,38,51,117,152,89,34,63,171,97,52,102,31,80,49,141,26,34,9,40,38,68,117,22,84,37,157,78,10,141,172,50,59,148,79,120,83,20,142,41,20,31,136,59,17,119,28,118,107,153,173,18,62,1,17,129,181,37,21,61,12,13,27,116,45,77,83,17,4,171,27,11,4,11,120,19,76,53,181,169,107,59,63,128,118,59,25,32,12,117,176,18,19
85,53,34,60,40,36,98,36,5,80,7,37,43,38,68,82,79,24,25,80,83,47,107,91,56,27,82,21,44,76,94,0,58,69,30,52,18,62,86,55,2,74,45,12,35,60,102,20,88,69,84,90,55,85,60,48,29,22,92,64,53,26,21,61,43,32,77,6,64,31,88,34,43,40,70,16,46,57,68,63,94,54,63,26,50,116,21,65,66,21,91,56,93,45,35,60,29,26,26,114,50,64,84,89,64,35,111,35,68,42,33,67,82,112,32,93,88,60,92,57,77,40,105,106,106,45,55,43,12,101,97,88,79,97,93,89,45,77,47,42,90,86,27,50,47,40,33,51,69,76,87,38,87,112,78
143,37,59,4,18,60,47,88,62,131,65,22,17,56,23,28,131,39,83,135,25,79,49,33,3,35,26,66,16,132,39,58,0,19,88,49,58,28,140,37,57,125,94,70,93,118,44,64,42,120,141,142,9,37,16,96,30,42,37,121,11,78,49,28,21,86,126,52,6,28,142,71,16,78,32,47,22,111,19,5,37,11,6,36,92,61,54,8,124,47,34,111,145,13,24,116,52,84,55,59,108,10,25,32,111,24,55,88,11,91,79,123,140,57,30,38,41,105,149,19,20,38,49,52,48,90,7,57,47,43,41,142,21,40,37,39,93,29,59,25,148,140,77,43,45,96,87,43,17,19,37,88,144,57,21
151,30,60,23,33,60,29,94,72,134,76,33,35,55,6,13,135,46,93,140,25,78,39,32,22,43,16,72,26,138,25,69,19,0,97,43,64,16,145,29,68,128,98,80,102,127,43,69,23,123,147,145,28,18,9,99,43,49,23,129,17,84,54,17,26,92,129,64,17,38,147,74,29,79,15,56,24,117,1,15,27,16,22,43,94,46,59,22,132,53,24,117,148,27,34,123,55,95,59,45,117,26,22,35,113,34,42,94,12,94,83,129,148,43,37,24,22,106,156,13,15,37,36,37,44,93,26,55,59,36,28,147,24,30,24,21,96,9,55,28,156,145,83,37,41,104,93,38,3,25,18,93,151,43,14
55,76,47,90,70,48,125,18,26,54,23,66,73,53,95,110,53,51,5,51,113,47,135,121,86,55,111,29,73,46,122,30,88,97,0,70,34,87,57,78,31,49,28,18,5,30,132,31,114,45,54,64,85,111,88,32,59,48,120,33,82,19,44,86,71,15,54,36,94,60,60,37,72,39,96,42,73,30,96,92,123,83,93,54,39,143,40,95,36,44,120,28,66,75,64,30,47,7,42,142,20,94,113,119,45,64,139,16,97,28,28,38,52,140,60,121,114,44,62,85,107,64,134,134,136,33,85,57,42,131,126,59,109,126,121,116,29,104,61,69,60,57,21,71,67,13,15,71,98,106,114,23,57,140,107
117,13,24,53,43,23,62,61,51,95,56,36,50,18,37,54,96,31,67,103,67,37,80,74,49,32,59,42,37,103,64,52,49,43,70,0,37,27,108,14,49,89,61,57,73,98,85,39,49,84,112,106,54,48,36,61,44,32,63,97,38,53,31,26,30,60,89,50,52,36,110,37,40,40,33,37,28,82,42,49,69,38,55,31,54,81,32,57,100,31,66,83,109,42,36,90,24,71,28,80,89,59,65,77,73,35,80,61,51,57,48,94,116,79,30,63,50,66,122,32,57,15,75,73,86,55,52,14,48,78,68,110,65,72,65,54,59,45,13,26,123,108,51,6,5,72,61,6,45,65,53,58,117,78,56
86,42,16,61,42,18,91,30,16,73,20,36,47,21,61,77,73,19,31,77,83,30,103,91,57,24,79,8,43,74,89,18,58,64,34,37,0,53,82,44,16,67,36,21,38,64,102,5,79,62,83,84,58,77,55,38,33,16,87,65,50,20,10,52,39,28,69,20,64,31,84,17,42,24,61,12,40,53,63,62,91,51,64,23,37,109,5,66,68,11,88,53,87,46,34,59,13,34,9,108,54,66,82,90,54,34,106,30,66,33,21,65,84,107,28,88,80,49,92,51,75,29,101,101,105,33,57,26,23,99,93,84,79,94,88,82,35,70,30,36,92,82,19,37,33,39,29,37,65,77,80,30,87,106,75
139,15,46,32,32,46,38,82,64,120,68,29,37,41,10,27,121,37,83,127,40,63,53,47,29,35,31,60,24,126,37,62,28,16,87,27,53,0,132,13,60,114,85,71,91,117,58,57,26,109,135,131,35,24,12,85,40,40,36,118,18,73,44,1,20,80,115,57,29,33,134,60,28,65,9,47,17,104,15,26,42,18,33,35,80,57,48,34,121,43,39,105,134,28,30,112,42,86,47,55,107,37,38,50,99,29,54,82,26,81,70,117,137,54,30,36,27,92,144,9,31,24,49,48,59,79,33,40,53,51,41,134,39,45,38,29,83,18,40,20,145,132,71,22,26,92,81,22,18,40,27,80,139,53,29
23,118,86,143,123,86,169,52,81,16,79,118,128,91,141,158,14,101,62,6,165,72,184,173,139,106,160,74,125,13,169,86,140,145,57,108,82,132,0,120,86,20,47,74,52,38,184,77,157,24,12,13,139,155,136,47,113,98,168,29,132,62,92,131,121,55,23,92,146,112,2,72,124,67,139,93,121,29,144,144,172,133,146,105,54,188,87,148,28,93,169,30,13,127,116,28,90,64,86,187,43,148,164,172,37,116,186,52,148,51,62,19,27,186,110,168,157,44,19,132,157,108,181,180,187,53,139,94,98,181,173,2,161,175,169,161,49,150,95,118,27,0,63,111,107,46,54,111,146,159,159,52,19,185,157
128,2,34,41,35,34,49,71,56,108,60,29,41,29,23,40,109,31,74,116,53,51,66,60,38,31,44,50,27,114,50,55,37,29,78,14,44,13,120,0,53,102,73,63,82,107,71,48,36,97,123,119,43,35,23,73,40,33,49,107,25,62,35,12,21,70,102,52,39,32,122,48,31,53,19,40,18,93,28,36,55,26,43,30,67,68,38,44,110,35,52,94,122,32,30,101,32,78,36,67,98,47,51,63,86,29,66,72,37,69,59,106,127,66,26,49,37,79,133,18,43,15,62,60,72,67,41,27,49,64,54,122,51,58,50,41,71,31,27,18,134,120,61,9,13,82,71,9,31,52,39,69,128,65,42
86,51,31,59,39,33,96,36,5,80,8,36,42,35,66,80,79,22,26,80,82,45,105,90,55,25,81,20,43,76,92,2,57,68,31,49,16,60,86,53,0,74,45,13,36,61,101,19,86,69,85,90,54,83,59,47,28,20,91,64,52,26,19,59,42,32,77,6,63,30,88,32,41,39,68,13,44,57,67,61,93,53,62,25,49,114,19,64,67,19,90,56,93,44,34,60,27,27,24,112,51,63,82,88,64,34,109,34,67,42,32,67,83,111,30,91,86,59,93,56,76,38,104,105,105,44,54,41,12,100,96,88,78,96,91,88,44,75,45,40,91,86,26,48,45,41,33,48,68,75,85,38,88,110,76
39,100,68,128,109,68,151,38,69,6,68,103,113,73,123,141,7,86,53,18,149,52,167,157,123,90,144,59,109,23,151,74,125,128,49,89,67,114,20,102,74,0,30,63,44,41,168,61,138,5,29,17,124,137,119,29,99,83,151,32,116,48,76,113,105,41,6,79,130,97,22,54,109,49,121,79,105,20,127,128,155,117,131,89,35,170,71,133,33,77,152,22,20,112,101,26,73,56,70,169,42,133,148,156,17,101,168,39,132,34,46,20,41,168,95,150,139,24,38,115,140,91,163,162,171,35,124,75,85,164,155,22,145,158,152,143,32,132,76,101,44,20,48,93,89,36,40,93,129,143,141,37,36,167,140
56,71,39,97,78,39,122,11,40,37,40,72,83,44,94,111,37,56,30,42,118,27,137,126,93,60,114,28,79,41,122,45,94,98,28,61,36,85,47,73,45,30,0,36,26,42,138,31,110,25,50,48,94,108,89,4,69,53,121,38,86,19,46,84,74,14,33,50,100,67,49,25,79,21,92,48,75,21,97,98,125,86,100,59,13,141,41,102,41,47,122,22,51,82,71,30,43,35,39,140,35,102,118,126,19,70,139,13,102,4,15,33,56,139,64,121,111,16,60,85,110,61,134,133,141,8,93,47,56,134,126,49,115,128,122,114,2,103,49,71,62,47,19,64,61,19,14,65,100,113,112,7,56,138,110
73,61,36,72,52,38,108,25,8,69,5,49,55,41,78,93,68,34,13,68,95,44,118,103,68,37,94,19,56,64,105,12,70,80,18,57,21,71,74,63,13,63,36,0,23,48,114,20,98,58,72,79,67,95,71,39,41,31,103,51,64,17,28,70,54,22,67,18,76,42,76,31,54,36,80,25,56,45,79,74,106,65,75,37,43,126,25,77,54,28,103,44,82,57,47,48,33,15,29,125,38,76,95,101,55,47,122,24,80,34,27,55,70,123,43,104,98,52,80,68,89,48,116,117,118,37,67,46,24,113,108,76,91,109,104,100,36,87,50,52,78,74,19,57,54,28,23,57,80,88,97,29,75,123,89
50,80,50,95,75,51,129,17,31,50,28,71,78,55,99,115,48,56,10,46,118,48,140,126,91,59,116,32,78,41,126,35,93,102,5,73,38,91,52,82,36,44,26,23,0,26,137,34,118,40,49,59,90,115,93,30,64,53,125,28,87,21,48,90,76,15,49,41,99,65,54,39,77,40,100,46,77,25,101,97,128,88,98,59,38,147,44,100,31,49,125,23,61,80,69,25,50,12,46,146,16,99,118,124,41,69,144,15,102,27,29,33,47,145,65,126,118,41,57,89,111,67,138,139,141,32,90,60,48,136,130,54,114,131,126,121,27,108,63,74,55,52,23,74,71,9,15,75,102,111,118,22,52,144,112
27,105,74,120,100,75,155,38,56,44,53,97,103,80,125,140,41,81,35,32,143,69,166,151,116,85,141,57,104,25,152,60,118,127,30,98,64,117,38,107,61,41,42,48,26,0,162,60,143,40,30,49,115,141,118,45,89,78,151,9,112,45,73,116,102,38,47,66,124,90,40,62,102,61,125,72,103,25,126,122,154,113,123,84,54,173,69,125,10,74,150,22,50,105,95,15,75,34,71,172,10,124,144,149,48,95,169,37,128,45,51,21,23,170,90,151,144,51,35,115,137,93,164,164,166,50,115,84,72,161,156,39,139,157,151,146,44,134,87,99,31,38,47,99,96,26,37,100,128,136,144,42,30,170,137
187,72,101,42,62,101,40,132,106,174,109,66,59,97,49,33,175,83,127,179,19,120,20,11,46,79,27,110,60,176,30,102,44,43,132,85,102,58,184,71,101,168,138,114,137,162,0,107,49,163,185,186,47,45,50,139,73,86,28,165,52,122,92,59,64,130,170,96,38,72,186,114,60,120,55,91,63,155,43,40,21,51,39,80,135,38,97,37,168,91,21,155,189,57,68,160,95,128,98,36,152,38,21,14,154,68,30,132,36,134,123,167,184,34,74,30,46,147,193,54,28,78,27,33,7,133,47,97,90,14,27,186,23,19,26,41,136,43,98,67,192,184,121,80,83,140,131,80,40,26,40,132,188,36,29
82,45,16,66,47,18,95,25,17,68,20,41,52,22,66,82,68,25,28,71,88,27,108,96,62,29,84,3,48,69,94,20,64,69,31,39,5,57,77,48,19,61,31,20,34,60,107,0,84,56,78,79,63,81,60,33,39,22,92,60,55,15,15,57,44,23,64,23,69,36,79,14,48,20,66,17,45,48,68,67,96,56,69,28,32,114,10,71,63,16,93,48,82,51,40,54,16,32,11,113,50,71,87,95,49,39,111,25,71,27,16,60,80,111,34,93,84,44,87,56,80,33,105,105,111,28,62,27,27,104,97,79,84,99,93,87,30,75,31,41,87,77,14,40,36,35,24,40,70,82,85,25,82,111,80
165,39,71,45,55,71,13,107,90,144,94,53,57,65,21,19,145,64,109,152,38,86,35,41,45,61,25,86,47,151,19,88,42,23,114,49,79,26,157,36,86,138,110,98,118,143,49,84,0,133,160,155,51,5,30,109,64,66,21,144,38,98,70,27,45,106,138,83,39,58,158,85,50,89,18,73,42,130,23,38,28,38,44,61,103,32,74,43,147,69,27,130,158,49,55,137,68,112,73,31,133,48,34,47,122,54,32,108,33,106,95,142,163,31,56,18,2,115,169,31,30,50,29,25,46,103,49,63,79,36,23,159,39,30,22,8,108,13,62,46,170,157,97,45,49,118,107,45,25,43,9,106,165,29,28
41,95,63,123,103,63,146,33,64,11,63,98,108,68,118,136,12,81,49,22,144,48,162,152,118,85,138,53,104,25,146,69,120,123,45,84,62,109,24,97,69,5,25,58,40,40,163,56,133,0,32,23,119,132,114,24,94,78,145,32,111,43,71,108,99,37,9,75,125,92,26,49,104,44,116,74,100,17,122,123,150,112,126,84,30,165,66,127,33,72,147,20,25,107,96,25,68,52,65,164,40,128,143,151,13,96,163,34,127,29,41,20,43,163,90,145,134,19,42,110,135,86,158,157,166,30,119,70,80,159,150,26,140,153,147,138,27,127,71,96,47,24,43,88,84,32,36,88,124,138,136,32,39,162,135
10,121,89,143,123,89,172,53,80,27,77,118,127,95,143,160,24,102,59,11,165,77,186,173,139,106,162,75,125,9,171,84,141,147,54,112,83,135,12,123,85,29,50,72,49,30,185,78,160,32,0,25,139,158,138,52,113,99,170,22,133,63,93,134,122,55,34,90,146,113,13,75,125,72,142,93,123,30,146,144,174,134,146,105,60,191,88,148,20,94,171,30,25,128,116,25,92,60,88,190,37,148,165,172,44,116,189,53,149,54,65,18,15,189,111,170,161,51,10,134,158,110,183,183,188,58,138,98,96,182,175,12,162,177,171,164,53,153,99,119,15,12,64,115,111,44,54,115,148,159,162,54,7,188,158
36,117,86,145,126,85,168,55,85,11,84,120,131,90,141,158,11,103,68,17,166,69,184,174,141,108,161,76,126,25,169,90,142,145,64,106,84,131,13,119,90,17,48,79,59,49,186,79,155,23,25,0,142,154,137,47,117,101,168,39,133,65,94,130,122,58,17,96,148,115,12,72,127,66,138,96,122,34,144,145,173,134,148,107,52,187,88,150,39,95,170,36,3,130,118,37,91,71,87,186,53,150,165,174,33,118,185,56,149,52,63,28,40,185,112,168,156,40,31,133,158,108,181,179,188,53,141,92,102,181,173,13,163,176,169,160,49,149,93,118,40,13,66,110,106,51,57,110,147,161,158,54,32,184,158
140,43,60,6,16,61,55,87,59,131,62,22,12,58,32,35,131,38,80,133,29,81,55,37,6,34,33,66,18,130,47,55,9,28,85,54,58,35,139,43,54,124,94,67,90,115,47,63,51,119,139,142,0,46,24,95,26,41,44,118,17,77,48,35,24,84,126,49,13,27,141,72,16,79,40,46,26,110,28,13,44,17,9,35,93,68,54,11,121,47,40,109,145,13,24,114,54,81,56,66,105,9,31,34,111,24,62,87,18,90,79,121,137,64,31,46,49,106,147,26,26,41,56,59,52,90,2,60,43,49,48,141,25,46,44,48,92,37,62,28,145,139,76,48,50,94,85,48,25,21,45,88,142,65,28
163,37,69,40,50,69,14,106,87,143,91,49,53,64,17,14,144,60,107,150,33,85,33,37,40,58,21,84,43,149,17,85,37,18,111,48,77,24,155,35,83,137,108,95,115,141,45,81,5,132,158,154,46,0,25,108,60,63,18,141,34,96,67,25,41,104,137,80,34,55,157,83,46,88,16,70,39,128,19,33,25,33,39,58,102,33,72,38,145,67,24,128,157,45,51,135,66,109,70,32,131,42,29,42,121,50,32,106,28,104,94,140,161,31,52,16,4,114,168,27,25,48,28,25,43,102,44,62,75,33,21,157,34,27,19,6,106,9,61,42,168,155,95,44,48,116,105,44,20,38,5,104,163,30,23
142,23,51,20,25,52,38,85,63,126,67,24,28,47,9,22,126,37,83,131,31,70,48,38,18,34,24,63,17,129,34,60,16,9,88,36,55,12,136,23,59,119,89,71,93,118,50,60,30,114,138,137,24,25,0,90,35,40,32,120,9,75,45,12,17,83,120,55,17,30,138,65,21,71,16,46,15,108,8,14,36,8,21,34,85,55,50,22,123,44,33,108,140,19,26,114,46,86,50,54,108,25,29,40,105,25,51,85,15,85,74,120,139,52,28,33,29,98,147,4,22,29,46,46,52,84,22,47,50,44,37,138,29,39,33,30,88,17,48,19,147,136,74,30,34,94,84,31,10,29,27,84,142,52,21
58,71,39,99,80,39,122,15,43,36,44,74,85,44,94,111,36,57,34,43,119,25,138,127,94,61,114,30,80,43,122,48,96,99,32,61,38,85,47,73,47,29,4,39,30,45,139,33,109,24,52,47,95,108,90,0,71,54,121,40,86,22,47,84,75,18,31,53,101,69,49,25,80,20,92,50,76,22,98,98,126,87,102,60,9,141,42,103,43,48,123,24,50,83,72,33,44,39,40,140,39,104,118,127,16,72,139,16,103,6,17,34,58,139,65,121,110,13,61,86,111,61,134,133,141,6,95,46,58,134,126,49,116,129,122,114,4,103,48,72,64,47,21,64,60,23,18,64,100,114,112,10,57,138,111
114,38,40,31,11,42,73,62,33,106,36,11,14,40,43,55,105,17,54,107,54,60,78,62,27,13,54,41,18,104,67,29,30,43,59,44,33,40,113,40,28,99,69,41,64,89,73,39,64,94,113,117,26,60,35,71,0,18,65,92,27,51,25,40,20,59,102,23,36,8,116,50,15,57,48,21,23,84,42,34,66,27,34,14,70,89,30,36,95,24,63,83,119,17,10,88,33,55,34,87,79,35,55,60,87,11,84,61,40,66,55,95,111,85,14,66,64,82,121,33,49,29,78,80,78,67,26,44,17,73,70,115,50,69,65,64,68,52,47,22,119,113,51,39,39,68,60,40,43,47,62,63,116,85,50
102,31,22,45,25,24,77,47,24,89,28,20,31,23,46,62,90,3,44,93,66,42,87,74,40,7,63,25,26,90,74,22,42,49,48,32,16,40,98,33,20,83,53,31,53,78,86,22,66,78,99,101,41,63,40,54,18,0,72,80,34,36,7,39,23,44,85,19,48,14,101,31,26,38,48,7,25,70,48,45,75,35,48,6,52,95,13,49,83,6,72,69,103,29,18,75,15,46,16,93,68,50,66,74,70,17,91,46,50,49,38,81,100,92,12,73,66,64,108,36,59,19,86,86,89,49,40,27,17,83,77,100,63,78,73,68,51,56,31,21,107,98,36,29,27,55,45,30,49,60,66,47,103,91,59
174,51,82,38,54,82,14,117,95,157,99,55,54,78,27,10,157,69,116,163,21,100,16,21,39,66,11,95,48,161,3,92,37,23,120,63,87,36,168,49,91,151,121,103,125,151,28,92,21,145,170,168,44,18,32,121,65,72,0,152,39,107,78,37,49,115,151,87,31,61,170,96,50,102,31,79,48,140,24,32,7,38,35,66,116,24,82,34,155,77,7,140,171,48,57,147,78,118,82,22,141,38,17,28,135,57,19,117,26,117,106,152,172,21,60,3,19,128,179,36,18,60,13,15,25,115,43,76,81,16,5,170,24,9,1,13,119,19,76,51,179,168,106,58,62,127,116,58,23,29,13,116,175,21,16
22,105,73,123,103,74,156,36,59,34,57,99,107,79,126,142,32,83,38,22,146,65,168,154,119,87,143,57,106,16,154,64,121,129,33,97,65,118,29,107,64,32,38,51,28,9,165,60,144,32,22,39,118,141,120,40,92,80,152,0,114,45,75,117,103,37,38,70,127,93,31,60,105,58,126,74,105,19,128,125,156,115,126,86,50,174,70,128,3,76,152,16,41,108,97,8,75,39,71,173,15,127,146,152,41,97,171,36,130,41,49,12,19,171,92,153,144,45,29,116,139,93,165,165,169,46,118,83,76,163,157,30,142,159,153,147,40,135,85,101,27,29,47,99,95,25,36,99,130,139,145,39,24,171,139
136,26,48,16,16,49,46,80,56,122,60,16,20,45,17,29,122,31,77,127,33,68,54,41,12,27,29,58,9,124,41,53,11,17,82,38,50,18,132,25,52,116,86,64,87,112,52,55,38,111,133,133,17,34,9,86,27,34,39,114,0,70,40,18,11,78,117,48,15,22,134,62,12,68,24,40,11,103,16,13,41,1,18,28,83,63,45,19,117,39,38,103,136,11,18,109,43,79,46,61,102,21,32,41,102,18,58,80,16,82,70,115,133,59,22,40,37,95,142,9,25,27,52,53,55,81,16,46,43,49,44,134,30,44,40,38,84,25,48,15,141,132,69,31,34,89,79,32,16,29,35,80,137,59,25
67,60,29,81,61,30,110,10,21,55,22,56,65,35,81,97,54,39,17,57,103,29,123,111,76,43,99,12,62,54,109,26,78,84,19,53,20,73,62,62,26,48,19,17,21,45,122,15,98,43,63,65,77,96,75,22,51,36,107,45,70,0,30,72,59,8,51,31,84,50,65,19,62,21,81,31,60,33,83,81,111,71,84,42,25,129,25,86,48,31,108,33,68,65,54,39,30,22,26,128,36,85,102,110,38,54,126,10,86,16,10,45,65,126,48,108,99,34,72,71,95,48,121,120,125,20,76,39,37,119,112,64,99,114,108,102,18,90,43,56,72,62,2,54,51,20,9,55,85,97,100,12,67,126,95
96,33,16,52,33,18,81,40,21,83,25,27,38,18,51,67,83,10,39,86,73,35,93,81,47,14,69,18,33,84,79,21,49,54,44,31,10,44,92,35,19,76,46,28,48,73,92,15,70,71,93,94,48,67,45,47,25,7,78,75,40,30,0,43,29,38,78,20,54,21,94,24,33,31,52,7,30,63,53,52,81,41,54,13,45,100,5,56,78,1,78,63,97,36,25,69,9,43,9,98,64,57,72,80,63,24,96,40,56,42,31,75,94,97,18,78,70,57,102,41,65,20,91,91,95,42,48,23,20,89,83,94,69,84,78,73,44,61,27,26,102,92,29,29,26,49,39,30,55,67,70,40,97,96,65
138,14,45,32,32,45,39,81,63,119,67,28,37,40,11,28,120,36,82,126,41,62,54,48,29,34,32,59,23,125,38,61,28,17,86,26,52,1,131,12,59,113,84,70,90,116,59,57,27,108,134,130,35,25,12,84,40,39,37,117,18,72,43,0,19,79,114,56,29,33,133,59,28,64,9,46,16,103,16,26,43,18,33,34,79,58,47,34,120,42,40,104,133,28,29,111,41,85,46,56,106,37,39,51,98,29,55,81,26,80,69,116,136,55,29,37,28,91,143,9,31,23,50,49,60,78,33,39,52,52,42,133,40,46,39,30,82,19,39,19,144,131,70,21,25,91,80,21,19,41,28,79,138,54,30
125,20,38,25,14,38,55,69,46,111,50,9,20,35,24,39,111,20,67,115,44,58,64,52,21,17,40,47,7,113,51,43,21,26,71,30,39,20,121,21,42,105,74,54,76,102,64,44,45,99,122,122,24,41,17,75,20,23,49,103,11,59,29,19,0,67,106,38,26,13,123,51,10,57,28,30,3,92,25,23,52,12,27,17,72,72,34,29,106,28,49,92,125,12,10,98,32,69,35,71,92,31,43,52,90,9,68,69,27,70,59,104,123,69,11,50,45,84,131,14,36,17,62,63,66,70,23,36,34,60,54,123,41,55,50,46,73,34,38,4,130,121,58,24,26,78,68,25,26,39,43,69,126,69,36
59,68,36,88,69,37,118,4,27,48,27,64,73,42,89,105,47,47,16,49,111,33,131,119,84,51,107,20,70,46,117,32,86,92,15,60,28,80,55,70,32,41,14,22,15,38,130,23,106,37,55,58,84,104,83,18,59,44,115,37,78,8,38,79,67,0,45,38,92,58,57,24,70,24,88,39,68,25,91,89,119,79,91,50,24,137,33,93,41,39,116,25,61,73,62,31,38,21,34,136,29,93,110,118,33,62,134,2,94,13,13,37,57,134,56,116,107,30,64,79,103,56,129,128,133,18,84,46,44,127,120,57,107,122,116,110,15,98,49,64,64,55,9,62,58,12,1,62,93,104,108,8,59,134,103
44,100,69,130,111,69,151,41,72,7,72,105,116,74,124,142,10,88,57,23,150,52,168,158,125,92,145,61,111,28,152,77,126,129,54,89,69,115,23,102,77,6,33,67,49,47,170,64,138,9,34,17,126,137,120,31,102,85,151,38,117,51,78,114,106,45,0,83,132,100,24,56,111,50,121,81,106,25,128,129,156,118,133,91,35,170,73,134,39,79,153,28,20,114,103,32,74,61,71,169,48,135,149,158,16,103,169,43,133,36,48,26,47,168,96,151,139,23,42,116,142,92,164,162,172,36,126,75,88,165,156,25,147,159,152,143,34,133,76,102,49,23,51,93,89,41,44,93,130,145,141,39,41,167,141
92,50,34,54,34,36,93,41,11,86,13,32,37,37,63,77,85,21,31,86,77,50,101,85,50,22,77,25,39,82,89,6,52,64,36,50,20,57,92,52,6,79,50,18,41,66,96,23,83,75,90,96,49,80,55,53,23,19,87,70,48,31,20,56,38,38,83,0,59,26,94,37,37,43,66,13,41,63,63,57,89,49,57,22,54,110,21,59,72,19,86,62,99,40,30,66,28,32,26,109,56,58,78,83,69,30,106,40,62,47,38,73,88,107,27,88,83,65,98,52,72,37,100,101,100,50,49,43,6,96,92,94,73,92,87,85,50,72,47,37,96,92,32,47,45,46,39,48,64,70,82,43,93,107,72
149,40,64,6,24,64,42,94,68,137,71,28,23,60,22,23,137,45,89,140,19,84,43,27,9,40,20,72,21,138,34,64,6,17,94,52,64,29,146,39,63,130,100,76,99,124,38,69,39,125,146,148,13,34,17,101,36,48,31,127,15,84,54,29,26,92,132,59,0,34,148,77,22,83,31,53,26,117,17,3,31,14,5,41,97,56,59,5,130,53,28,117,151,19,30,122,58,91,61,54,114,9,19,26,116,30,49,94,6,96,85,129,146,52,36,33,37,110,155,21,14,42,44,46,42,96,11,61,53,37,36,148,15,34,31,35,98,26,63,30,154,146,83,46,49,102,93,47,14,13,33,94,150,52,15
115,30,35,31,11,36,68,60,34,104,38,6,17,34,37,51,104,12,55,107,53,55,76,61,26,7,51,39,13,104,63,31,28,38,60,36,31,33,112,32,30,97,67,42,65,90,72,36,58,92,113,115,27,55,30,69,8,14,61,93,22,50,21,33,13,58,100,26,34,0,115,45,12,52,42,19,16,83,38,32,63,23,34,9,66,85,27,36,96,20,60,83,118,15,4,88,28,57,29,83,80,35,53,60,85,4,80,60,37,63,52,95,112,81,6,62,58,79,121,27,46,21,74,75,76,64,26,37,21,71,66,114,49,66,62,59,66,47,40,14,120,112,49,31,31,68,59,32,38,47,56,61,116,81,47
23,120,88,145,125,88,171,54,83,17,82,120,130,93,143,160,15,104,64,9,167,73,186,175,141,108,163,76,127,15,171,88,142,147,60,110,84,134,2,122,88,22,49,76,54,40,186,79,158,26,13,12,141,157,138,49,116,101,170,31,134,65,94,133,123,57,24,94,148,115,0,74,126,69,141,95,124,31,146,146,174,135,148,107,56,190,89,150,30,95,171,32,12,130,118,30,92,66,88,189,45,150,166,174,38,118,188,55,150,53,64,22,28,188,112,170,159,45,19,134,159,110,183,182,189,55,141,95,100,183,175,1,163,177,171,163,51,152,97,120,27,2,65,113,109,48,56,113,148,161,161,54,19,187,159
81,46,14,75,57,14,97,24,30,61,33,50,62,19,69,86,61,34,35,67,95,13,112,103,70,38,89,13,56,66,97,34,71,74,37,37,17,60,72,48,32,54,25,31,39,62,114,14,85,49,75,72,72,83,65,25,50,31,96,60,62,19,24,59,51,24,56,37,77,45,74,0,56,7,67,29,51,45,73,74,101,63,77,37,21,116,19,79,64,26,98,46,75,59,48,53,19,40,16,115,53,80,94,103,40,48,114,25,78,21,11,57,79,114,42,96,85,34,85,61,86,36,109,108,116,19,71,22,40,109,101,74,91,104,97,89,23,78,25,47,86,72,16,39,36,36,25,40,75,90,87,21,81,113,86
127,30,44,19,4,46,58,72,46,115,49,6,10,42,29,40,116,23,67,119,41,65,64,49,14,19,40,51,4,116,52,43,16,29,72,40,42,28,124,31,41,109,79,54,77,102,60,48,50,104,125,127,16,46,21,80,15,26,50,105,12,62,33,28,10,70,111,37,22,12,126,56,0,63,35,31,13,95,28,20,52,13,22,20,77,74,38,24,108,32,49,95,129,3,8,100,38,69,40,72,92,24,41,48,96,9,69,72,25,75,64,107,124,71,15,51,49,90,133,20,35,26,63,65,64,75,15,45,31,59,55,126,37,55,51,50,77,38,47,14,132,124,61,34,35,80,71,35,28,35,47,73,128,71,35
78,51,20,81,64,19,102,23,36,55,38,57,69,24,75,92,56,41,38,63,101,9,118,109,77,45,95,19,62,63,102,40,78,79,39,40,24,65,67,53,39,49,21,36,40,61,120,20,89,44,72,66,79,88,71,20,57,38,102,58,68,21,31,64,57,24,50,43,83,52,69,7,63,0,72,36,57,42,78,80,106,69,84,44,15,121,26,86,61,33,104,43,69,66,55,51,25,43,23,120,53,87,100,109,34,55,119,25,84,17,11,54,77,119,48,101,90,27,81,66,92,42,114,113,122,14,78,26,47,115,106,69,98,109,103,94,19,83,28,53,83,67,19,44,40,35,25,44,81,96,92,19,77,118,92
147,21,53,36,40,53,30,90,72,127,76,37,44,48,9,23,128,46,91,134,39,69,47,45,34,44,28,68,31,133,31,70,32,15,96,33,61,9,139,19,68,121,92,80,100,125,55,66,18,116,142,138,40,16,16,92,48,48,31,126,24,81,52,9,28,88,121,66,31,42,141,67,35,72,0,55,25,112,15,29,37,24,36,44,86,49,56,36,129,51,35,112,141,35,38,119,50,94,55,48,115,40,36,49,105,38,47,90,27,88,78,124,145,47,38,30,18,98,152,16,29,32,43,41,55,86,38,46,62,46,35,141,39,40,32,22,90,13,46,28,152,139,79,28,32,100,89,28,18,41,20,88,147,46,28
96,37,23,50,30,25,84,41,17,85,21,25,35,25,53,68,85,9,37,87,72,41,94,80,46,13,69,20,32,84,80,16,47,56,42,37,12,47,93,40,13,79,48,25,46,72,91,17,73,74,93,96,46,70,46,50,21,7,79,74,40,31,7,46,30,39,81,13,53,19,95,29,31,36,55,0,31,64,55,51,82,41,53,12,49,102,10,55,77,6,79,64,99,34,23,69,16,40,15,100,62,55,72,79,66,23,98,41,56,45,34,76,93,98,18,79,73,61,102,43,65,25,92,92,95,45,45,30,13,89,84,95,68,85,79,75,47,63,34,28,101,93,30,34,32,49,40,35,56,66,72,42,97,98,65
126,17,37,26,17,38,52,70,48,111,52,12,23,34,22,37,112,22,68,116,44,57,63,52,22,19,39,48,9,114,49,46,22,24,73,28,40,17,121,18,44,105,75,56,77,103,63,45,42,100,123,122,26,39,15,76,23,25,48,105,11,60,30,16,3,68,106,41,26,16,124,51,13,57,25,31,0,93,23,24,51,12,28,19,71,70,35,30,108,29,48,93,125,15,13,99,32,71,35,69,93,32,43,52,91,12,66,70,27,71,60,105,124,67,13,48,42,84,132,12,36,16,61,61,66,70,24,35,36,59,53,123,41,54,48,44,73,31,37,4,132,121,59,21,24,79,69,22,25,40,41,69,127,67,35
36,91,59,114,94,59,142,23,52,25,51,89,98,64,113,130,23,73,34,23,136,48,156,144,110,77,132,45,96,21,141,57,111,117,30,82,53,104,29,93,57,20,21,45,25,25,155,48,130,17,30,34,110,128,108,22,84,70,140,19,103,33,63,103,92,25,25,63,117,83,31,45,95,42,112,64,93,0,116,115,144,104,117,76,31,161,58,119,21,64,141,3,37,98,87,11,62,37,58,160,23,119,136,143,23,87,158,23,120,24,34,12,36,159,81,140,130,26,40,104,128,80,153,153,159,28,109,67,69,152,145,31,132,147,141,134,23,122,70,89,42,29,34,85,81,17,25,85,118,130,132,24,35,158,128
150,29,59,22,32,59,30,93,71,133,75,32,34,54,6,14,134,45,92,139,25,77,40,32,22,42,17,71,25,137,26,68,19,1,96,42,63,15,144,28,67,127,97,79,101,126,43,68,23,122,146,144,28,19,8,98,42,48,24,128,16,83,53,16,25,91,128,63,17,38,146,73,28,78,15,55,23,116,0,15,28,15,22,42,93,47,58,22,131,52,25,116,147,26,34,122,54,94,58,46,116,26,23,35,112,33,43,93,12,93,82,128,147,44,36,25,22,105,155,12,16,36,37,38,45,92,26,54,58,37,29,146,24,31,25,22,95,10,54,27,155,144,82,36,40,103,92,37,4,26,19,92,150,44,14
147,37,61,7,23,62,42,92,66,134,70,26,22,58,20,23,134,42,87,138,21,81,44,29,8,38,21,70,19,135,34,63,5,15,92,49,62,26,144,36,61,128,98,74,97,122,40,67,38,123,144,145,13,33,14,98,34,45,32,125,13,81,52,26,23,89,129,57,3,32,146,74,20,80,29,51,24,115,15,0,32,12,7,39,95,56,57,8,128,51,29,115,148,17,28,120,55,89,58,54,112,11,21,29,114,28,50,92,6,94,82,126,144,52,33,33,36,108,153,18,15,39,44,47,44,93,11,59,51,39,36,146,17,35,32,35,96,24,60,27,152,144,81,43,46,100,90,44,13,16,32,92,148,52,16
177,56,87,37,55,87,20,121,98,161,101,57,55,82,32,15,162,72,119,167,17,105,12,15,40,69,12,99,50,165,9,94,37,27,123,69,91,42,172,55,93,155,125,106,128,154,21,96,28,150,174,173,44,25,36,126,66,75,7,156,41,111,81,43,52,119,156,89,31,63,174,101,52,106,37,82,51,144,28,32,0,40,35,69,121,26,86,33,159,80,3,144,176,49,59,150,82,120,86,23,144,36,13,22,140,59,18,121,27,121,110,156,175,21,63,10,26,133,183,40,17,64,13,17,18,120,43,81,83,9,7,174,21,3,6,20,123,25,82,55,183,172,110,64,67,130,120,64,26,26,20,120,178,22,17
137,26,49,15,17,50,45,81,57,123,61,17,20,46,17,28,123,32,78,128,32,69,53,40,12,28,28,59,10,125,40,54,11,16,83,38,51,18,133,26,53,117,86,65,88,113,51,56,38,112,134,134,17,33,8,87,27,35,38,115,1,71,41,18,12,79,118,49,14,23,135,63,13,69,24,41,12,104,15,12,40,0,17,29,83,62,46,18,118,40,37,104,137,11,19,110,44,80,47,60,103,21,31,40,102,19,57,81,15,83,71,116,134,58,23,39,37,96,143,9,24,28,51,52,54,82,15,47,43,48,43,135,29,43,39,37,85,25,48,16,142,133,70,32,35,90,80,33,15,28,34,81,138,58,24
148,43,65,3,23,66,47,94,67,137,70,28,21,62,27,27,137,45,88,140,21,85,46,28,7,40,24,72,22,137,38,63,6,22,93,55,64,33,146,43,62,131,100,75,98,123,39,69,44,126,146,148,9,39,21,102,34,48,35,126,18,84,54,33,27,91,133,57,5,34,148,77,22,84,36,53,28,117,22,7,35,17,0,41,98,60,60,2,129,53,32,116,151,18,30,122,59,89,61,57,113,4,22,26,117,30,53,94,11,96,85,128,145,55,36,38,42,111,155,25,18,44,47,50,44,96,8,63,51,40,40,148,16,37,35,40,99,31,65,32,153,146,83,49,52,102,92,50,19,13,38,94,149,56,19
108,28,26,39,20,28,72,53,29,96,33,14,26,26,41,56,96,3,49,99,60,47,82,68,34,1,57,31,20,96,68,26,36,43,54,31,23,35,105,30,25,89,59,37,59,84,80,28,61,84,105,107,35,58,34,60,14,6,66,86,28,42,13,34,17,50,91,22,41,9,107,37,20,44,44,12,19,76,42,39,69,29,41,0,58,89,18,43,89,12,66,75,109,23,12,81,19,52,21,88,74,44,60,67,76,11,85,52,44,55,44,87,105,86,6,67,61,70,114,31,53,17,80,80,83,55,35,30,19,77,72,107,57,72,67,63,57,51,33,16,113,105,42,27,26,61,51,28,44,54,61,53,109,86,53
67,65,34,96,78,34,116,21,45,41,47,71,83,38,89,106,42,55,40,50,115,17,132,123,91,59,109,30,77,51,117,50,92,94,39,54,37,80,54,67,49,35,13,43,38,54,135,32,103,30,60,52,93,102,85,9,70,52,116,50,83,25,45,79,72,24,35,54,97,66,56,21,77,15,86,49,71,31,93,95,121,83,98,58,0,135,40,100,52,46,118,33,55,80,69,42,40,45,37,134,48,101,114,124,19,69,133,23,99,11,17,43,67,133,63,116,104,13,69,81,107,57,129,127,137,6,92,40,59,129,121,56,112,124,117,108,11,98,41,68,73,54,24,58,54,31,24,58,95,111,106,16,66,132,106
196,70,102,62,78,102,19,138,118,176,122,79,78,97,49,34,177,92,139,184,42,118,18,39,64,89,36,117,72,182,22,116,61,46,143,81,109,57,188,68,114,170,141,126,147,173,38,114,32,165,191,187,68,33,55,141,89,95,24,174,63,129,100,58,72,137,170,110,56,85,190,116,74,121,49,102,70,161,47,56,26,62,60,89,135,0,104,58,177,99,28,161,190,72,81,168,99,141,103,2,163,62,39,46,154,80,8,139,50,137,127,173,194,4,83,23,31,147,201,59,42,81,13,9,32,135,67,95,105,25,20,190,46,24,24,27,139,39,94,74,201,188,128,77,81,149,138,77,47,51,29,137,196,4,41
92,36,13,57,38,15,86,35,20,77,24,32,44,17,56,72,77,15,36,81,78,31,98,86,52,20,74,13,38,79,84,21,54,59,40,32,5,48,87,38,19,71,41,25,44,69,97,10,74,66,88,88,54,72,50,42,30,13,82,70,45,25,5,47,34,33,73,21,59,27,89,19,38,26,56,10,35,58,58,57,86,46,60,18,40,104,0,62,73,7,83,58,91,41,30,64,8,39,5,103,59,62,78,86,58,30,101,35,62,37,25,70,89,101,24,83,74,52,97,46,70,24,96,95,101,37,53,22,23,94,87,89,75,89,83,77,39,65,26,31,97,87,24,31,28,45,34,32,60,73,75,35,92,101,70
150,44,67,5,25,68,46,96,69,139,72,30,23,64,27,26,139,47,90,142,19,87,44,26,9,42,23,74,24,139,37,65,8,22,95,57,66,34,148,44,64,133,102,77,100,125,37,71,43,127,148,150,11,38,22,103,36,49,34,128,19,86,56,34,29,93,134,59,5,36,150,79,24,86,36,55,30,119,22,8,33,18,2,43,100,58,62,0,131,55,30,118,153,20,32,124,60,91,63,56,115,4,20,24,119,32,51,96,10,98,87,130,147,54,38,36,42,113,157,26,16,46,46,49,42,98,10,65,53,38,38,150,14,36,34,39,101,30,67,33,155,148,85,50,53,104,94,51,19,11,37,96,151,54,18
19,108,77,126,106,77,159,40,62,35,59,102,109,82,129,145,32,86,41,22,149,68,171,157,122,90,146,60,109,15,157,66,124,132,36,100,68,121,28,110,67,33,41,54,31,10,168,63,147,33,20,39,121,145,123,43,95,83,155,3,117,48,78,120,106,41,39,72,130,96,30,64,108,61,129,77,108,21,131,128,159,118,129,89,52,177,73,131,0,79,156,19,40,111,100,11,79,41,74,176,17,130,149,155,43,100,174,39,133,44,52,13,16,175,95,156,147,47,26,119,142,97,169,169,172,49,121,86,79,166,160,29,145,162,156,150,43,138,89,104,24,28,50,102,98,29,40,102,133,142,148,42,21,174,142
97,33,17,50,31,19,81,41,21,84,25,25,37,19,50,66,84,9,40,88,72,36,92,80,46,13,68,19,32,85,78,21,47,53,44,31,11,43,93,35,19,77,47,28,49,74,91,16,69,72,94,95,47,67,44,48,24,6,77,76,39,31,1,42,28,39,79,19,53,20,95,26,32,33,51,6,29,64,52,51,80,40,53,12,46,99,7,55,79,0,77,64,98,35,23,70,10,43,10,98,64,55,71,79,64,23,95,41,55,43,32,76,95,96,17,77,70,59,103,41,64,20,90,90,94,43,46,24,19,88,82,95,68,83,78,72,46,60,28,25,103,93,30,29,27,50,40,30,54,66,70,41,98,96,64
174,54,84,34,52,84,21,118,95,159,98,54,51,80,29,12,159,69,115,164,14,102,15,14,37,65,9,96,47,162,10,91,34,24,120,66,88,39,169,52,90,152,122,103,125,150,21,93,27,147,171,170,40,24,33,123,63,72,7,152,38,108,78,40,49,116,153,86,28,60,171,98,49,104,35,79,48,141,25,29,3,37,32,66,118,28,83,30,156,77,0,141,173,46,56,147,79,117,83,26,140,33,11,21,137,56,21,118,23,119,107,153,172,24,60,10,25,131,180,37,14,62,16,19,20,117,39,79,80,11,9,171,18,6,6,20,121,22,79,52,180,169,107,61,65,127,117,61,23,23,19,117,175,25,14
35,92,59,113,94,60,143,23,51,27,49,89,98,65,113,130,25,72,32,24,136,49,156,144,109,76,132,45,95,21,141,56,111,117,28,83,53,105,30,94,56,22,22,44,23,22,155,48,130,20,30,36,109,128,108,24,83,69,140,16,103,33,63,104,92,25,28,62,117,83,32,46,95,43,112,64,93,3,116,115,144,104,116,75,33,161,58,118,19,64,141,0,38,98,87,8,62,35,58,160,20,118,135,143,26,87,159,23,119,25,35,12,34,159,81,140,131,29,39,104,128,81,153,153,158,30,109,68,68,152,145,32,132,147,141,134,24,123,71,89,40,30,34,85,81,16,24,85,118,129,132,25,35,158,128
35,120,89,148,129,88,171,58,88,14,87,123,134,93,144,161,14,106,71,18,169,72,187,177,144,111,164,79,129,26,172,93,145,148,66,109,87,134,13,122,93,20,51,82,61,50,189,82,158,25,25,3,145,157,140,50,119,103,171,41,136,68,97,133,125,61,20,99,151,118,12,75,129,69,141,99,125,37,147,148,176,137,151,109,55,190,91,153,40,98,173,38,0,133,121,38,94,73,90,189,54,153,168,177,36,121,188,59,152,55,66,30,40,188,115,171,159,43,30,135,161,111,184,182,191,56,144,95,105,184,176,13,166,178,172,163,52,152,96,121,39,13,68,113,109,54,60,113,150,164,161,57,31,187,160
130,32,47,16,6,49,56,76,49,119,52,9,9,45,28,38,119,26,70,122,38,68,61,46,11,22,37,54,5,119,50,45,13,27,75,42,46,28,127,32,44,112,82,57,80,105,57,51,49,107,128,130,13,45,19,83,17,29,48,108,11,65,36,28,12,73,114,40,19,15,130,59,3,66,35,34,15,98,26,17,49,11,18,23,80,72,41,20,111,35,46,98,133,0,11,103,41,72,43,70,95,21,38,45,99,12,67,75,23,78,67,110,127,68,18,49,48,93,136,19,32,29,61,63,61,78,12,47,34,56,53,129,34,52,48,48,80,36,50,16,135,127,65,36,38,83,74,37,26,31,45,76,131,68,33
119,28,37,27,8,38,64,64,38,107,42,2,15,35,34,47,107,15,59,110,49,57,71,57,23,10,47,42,9,108,59,35,24,34,64,36,34,30,116,30,34,101,71,47,69,95,68,40,55,96,116,118,24,51,26,72,10,18,57,97,18,54,25,29,10,62,103,30,30,4,118,48,8,55,38,23,13,87,34,28,59,19,30,12,69,81,30,32,100,23,56,87,121,11,0,92,30,61,32,79,84,32,49,56,88,1,76,64,33,67,55,99,116,77,7,58,54,82,125,23,42,21,70,71,72,67,23,38,25,66,62,118,45,62,58,55,69,43,41,11,124,116,53,30,31,72,63,31,34,43,52,64,120,77,43
27,99,67,119,99,67,149,30,55,30,53,94,102,72,120,136,27,78,35,21,141,58,162,149,114,82,138,51,101,16,148,60,116,123,30,90,59,112,28,101,60,26,30,48,25,15,160,54,137,25,25,37,114,135,114,33,88,75,147,8,109,39,69,111,98,31,32,66,122,88,30,53,100,51,119,69,99,11,122,120,150,110,122,81,42,168,64,124,11,70,147,8,38,103,92,0,69,36,65,167,16,123,141,148,33,92,165,29,125,34,42,8,26,166,87,147,138,37,33,110,134,87,160,160,164,38,114,76,72,158,152,29,137,153,147,141,32,129,78,95,33,28,40,92,89,20,30,93,124,135,139,32,28,165,134
97,30,7,56,38,9,80,39,28,79,32,32,45,9,51,68,80,16,43,85,76,28,94,84,51,21,70,18,37,83,79,29,52,55,47,24,13,42,90,32,27,73,43,33,50,75,95,16,68,68,92,91,54,66,46,44,33,15,78,75,43,30,9,41,32,38,74,28,58,28,92,19,38,25,50,16,32,62,54,55,82,44,59,19,40,99,8,60,79,10,79,62,94,41,30,69,0,47,4,98,66,61,75,84,59,29,96,40,59,39,28,74,95,97,23,78,69,53,102,42,67,18,91,90,98,38,52,14,29,91,83,92,72,85,79,72,41,60,18,28,102,90,29,24,21,50,39,25,56,71,70,38,97,96,67
60,75,48,86,66,50,123,24,23,62,19,63,69,54,93,108,60,49,5,57,109,52,133,117,82,52,108,30,70,52,120,26,84,95,7,71,34,86,64,78,27,56,35,15,12,34,128,32,112,52,60,71,81,109,86,39,55,46,118,39,79,22,43,85,69,21,61,32,91,57,66,40,69,43,94,40,71,37,94,89,120,80,89,52,45,141,39,91,41,43,117,35,73,72,61,36,47,0,43,139,24,90,110,115,52,61,137,22,94,34,32,44,56,138,58,119,112,51,67,83,103,63,131,132,133,39,81,59,38,128,123,66,105,123,119,115,35,102,62,67,65,64,24,71,68,20,21,71,95,102,112,29,62,138,104
92,34,8,59,40,10,85,35,24,76,28,34,46,12,55,72,76,18,39,81,79,26,98,87,54,22,74,14,40,79,83,26,55,59,42,28,9,47,86,36,24,70,39,29,46,71,98,11,73,65,88,87,56,70,50,40,34,16,82,71,46,26,9,46,35,34,71,26,61,29,88,16,40,23,55,15,35,58,58,58,86,47,61,21,37,103,5,63,74,10,83,58,90,43,32,65,4,43,0,102,61,64,78,87,56,32,100,36,62,36,24,70,90,101,25,82,73,50,98,46,71,22,95,95,101,35,55,17,28,94,87,88,76,89,83,76,38,64,22,31,98,86,25,29,25,46,35,29,60,74,74,34,93,100,71
194,69,101,60,76,101,18,137,117,175,120,77,77,96,47,32,176,91,137,182,40,117,16,37,62,87,34,116,70,181,20,114,59,45,142,80,108,55,187,67,112,169,140,125,146,172,36,113,31,164,190,186,66,32,54,140,87,93,22,173,61,128,98,56,71,136,169,109,54,83,189,115,72,120,48,100,69,160,46,54,23,60,57,88,134,2,103,56,176,98,26,160,189,70,79,167,98,139,102,0,162,59,37,44,153,79,6,137,48,136,125,172,192,2,82,21,30,146,199,57,40,80,11,8,30,134,65,94,103,23,18,189,44,22,22,26,138,38,93,73,200,187,126,76,80,147,137,76,45,49,28,136,195,2,39
36,95,65,110,90,66,145,30,46,46,43,86,93,71,115,130,43,71,25,37,133,61,156,141,106,75,131,47,94,30,142,50,108,117,20,89,54,107,43,98,51,42,35,38,16,10,152,50,133,40,37,53,105,131,108,39,79,68,141,15,102,36,64,106,92,29,48,56,114,80,45,53,92,53,115,62,93,23,116,112,144,103,113,74,48,163,59,115,17,64,140,20,54,95,84,16,66,24,61,162,0,114,133,139,45,85,159,28,118,37,43,24,32,160,80,141,134,47,44,105,127,83,154,154,156,43,105,75,62,151,146,45,129,147,141,136,37,124,78,89,40,43,38,90,86,18,28,90,118,126,134,34,38,160,127
149,47,68,6,25,69,50,96,68,139,71,30,21,65,31,30,139,47,89,142,21,88,47,28,10,42,26,74,25,139,41,64,10,26,94,59,66,37,148,47,63,133,102,76,99,124,38,71,48,128,148,150,9,42,25,104,35,50,38,127,21,85,57,37,31,93,135,58,9,35,150,80,24,87,40,55,32,119,26,11,36,21,4,44,101,62,62,4,130,55,33,118,153,21,32,123,61,90,64,59,114,0,23,25,120,32,55,95,14,99,87,130,146,57,38,40,46,114,156,29,20,48,49,52,43,99,9,67,52,41,42,150,17,39,38,43,101,35,69,35,154,148,85,53,55,103,94,53,23,12,41,96,151,58,22
168,52,80,25,44,81,31,112,87,154,91,47,42,76,28,15,155,63,108,159,4,99,24,9,28,59,9,90,40,156,20,84,25,22,113,65,82,38,164,51,82,148,118,95,118,144,21,87,34,143,165,165,31,29,29,118,55,66,17,146,32,102,72,39,43,110,149,78,19,53,166,94,41,100,36,72,43,136,23,21,13,31,22,60,114,39,78,20,149,71,11,135,168,38,49,141,75,110,78,37,133,23,0,13,133,49,32,112,16,114,102,147,165,35,54,20,32,127,174,34,8,58,26,30,23,113,30,76,72,18,20,166,7,16,16,27,116,25,77,47,173,164,101,59,63,121,111,60,20,12,25,112,169,36,9
174,64,90,29,49,90,42,120,93,163,96,54,46,86,41,28,163,71,114,166,10,110,28,7,33,66,22,98,48,163,31,89,32,35,119,77,90,50,172,63,88,156,126,101,124,149,14,95,47,151,172,174,34,42,40,127,60,74,28,152,41,110,80,51,52,118,158,83,26,60,174,103,48,109,49,79,52,143,35,29,22,40,26,67,124,46,86,24,155,79,21,143,177,45,56,148,84,115,87,44,139,25,13,0,143,56,38,120,26,122,111,154,171,42,62,31,45,136,181,45,20,68,33,39,20,122,34,87,77,21,29,174,12,23,27,40,124,38,88,56,179,172,109,70,74,128,119,71,32,13,38,120,176,43,21
53,84,53,114,96,53,135,29,59,22,60,90,101,58,108,126,24,73,48,34,134,36,152,142,110,77,129,46,95,37,136,64,111,113,45,73,54,99,37,86,64,17,19,55,41,48,154,49,122,13,44,33,111,121,105,16,87,70,135,41,102,38,63,98,90,33,16,69,116,85,38,40,96,34,105,66,91,23,112,114,140,102,117,76,19,154,58,119,43,64,137,26,36,99,88,33,59,52,56,153,45,120,133,143,0,87,152,31,118,22,33,31,55,152,81,135,123,7,54,100,126,76,148,146,156,21,111,59,75,149,140,39,131,143,136,127,20,117,60,87,59,37,38,77,73,33,32,77,115,130,125,26,51,151,125
119,27,36,27,9,38,63,64,39,107,42,2,16,35,33,46,107,15,60,110,49,57,71,57,23,10,47,42,9,107,59,35,24,34,64,35,34,29,116,29,34,101,70,47,69,95,68,39,54,96,116,118,24,50,25,72,11,17,57,97,18,54,24,29,9,62,103,30,30,4,118,48,9,55,38,23,12,87,33,28,59,19,30,11,69,80,30,32,100,23,56,87,121,12,1,92,29,61,32,79,85,32,49,56,87,0,76,64,33,66,55,99,116,77,6,58,54,81,125,23,42,20,70,71,72,66,23,37,25,66,62,118,45,62,57,55,69,42,40,10,124,116,53,29,30,72,63,30,34,43,52,64,120,77,42
193,68,100,55,72,100,19,136,114,174,118,74,73,95,45,29,175,88,135,181,35,117,10,31,58,85,30,114,67,179,17,111,55,42,139,80,106,54,186,66,109,168,139,122,144,169,30,111,32,163,189,185,62,32,51,139,84,91,19,171,58,126,96,55,68,134,169,106,49,80,188,114,69,119,47,98,66,158,43,50,18,57,53,85,133,8,101,51,174,95,21,159,188,67,76,165,96,137,100,6,159,55,32,38,152,76,0,136,44,135,124,170,190,4,79,18,30,146,198,55,36,78,6,7,24,133,61,93,100,17,14,188,39,16,18,25,137,36,93,70,198,186,125,75,79,145,135,75,42,44,27,134,193,6,34
57,69,38,91,71,38,120,2,30,45,29,66,75,43,91,107,45,49,17,47,113,33,133,121,86,53,109,22,72,44,119,35,88,94,16,61,30,82,52,72,34,39,13,24,15,37,132,25,108,34,53,56,87,106,85,16,61,46,117,36,80,10,40,81,69,2,43,40,94,60,55,25,72,25,90,41,70,23,93,92,121,81,94,52,23,139,35,96,39,41,118,23,59,75,64,29,40,22,36,137,28,95,112,120,31,64,136,0,96,12,14,35,55,136,58,118,108,29,62,81,105,58,130,130,135,17,86,47,46,129,122,54,109,124,118,112,13,100,50,66,62,52,11,63,59,11,1,64,95,107,109,7,57,135,105
152,38,65,12,28,65,36,96,72,138,75,31,28,61,18,17,139,47,93,143,17,84,39,25,14,43,15,74,24,140,28,68,11,12,97,51,66,26,148,37,67,132,102,80,102,128,36,71,33,127,149,149,18,28,15,103,40,50,26,130,16,86,56,26,27,94,133,62,6,37,150,78,25,84,27,56,27,120,12,6,27,15,11,44,99,50,62,10,133,55,23,119,152,23,33,125,59,94,62,48,118,14,16,26,118,33,44,96,0,98,86,131,149,46,38,28,32,111,158,19,9,43,38,41,39,97,17,61,57,33,31,150,14,29,26,30,100,20,62,31,157,148,85,45,48,105,95,46,9,14,27,96,153,47,10
60,67,35,94,74,35,118,10,38,41,38,69,80,40,90,107,41,52,29,46,115,24,133,123,89,56,110,25,75,45,118,42,91,94,28,57,33,81,51,69,42,34,4,34,27,45,134,27,106,29,54,52,90,104,85,6,66,49,117,41,82,16,42,80,70,13,36,47,96,63,53,21,75,17,88,45,71,24,93,94,121,83,96,55,11,137,37,98,44,43,119,25,55,78,67,34,39,34,36,136,37,99,114,122,22,66,135,12,98,0,11,37,59,135,60,117,107,18,64,81,106,57,130,129,137,5,90,43,53,130,122,53,111,124,118,110,2,99,45,67,66,51,16,61,57,20,13,61,96,109,108,5,60,134,106
70,57,25,82,63,25,108,13,29,52,30,57,68,30,79,96,52,40,27,57,103,20,122,111,78,45,98,14,63,56,107,33,79,83,28,48,21,70,62,59,32,46,15,27,29,51,123,16,95,41,65,63,79,94,74,17,55,38,106,49,70,10,31,69,59,13,48,38,85,52,64,11,64,11,78,34,60,34,82,82,110,71,85,44,17,127,25,87,52,32,107,35,66,67,55,42,28,32,24,125,43,87,102,111,33,55,124,14,86,11,0,47,68,124,49,106,96,28,74,70,95,46,119,118,125,12,78,34,42,119,111,64,100,113,107,100,14,88,36,56,75,62,8,50,46,25,14,50,84,98,97,10,70,123,95
24,103,71,125,105,72,154,35,62,22,60,101,109,77,125,142,20,84,43,13,148,60,168,156,121,88,144,57,107,9,153,67,123,129,38,94,65,117,19,106,67,20,33,55,33,21,167,60,142,20,18,28,121,140,120,34,95,81,152,12,115,45,75,116,104,37,26,73,129,95,22,57,107,54,124,76,105,12,128,126,156,116,128,87,43,173,70,130,13,76,153,12,30,110,99,8,74,44,70,172,24,130,147,154,31,99,170,35,131,37,47,0,24,171,93,152,143,36,27,116,140,92,165,165,170,40,121,80,79,164,157,21,144,159,153,146,35,135,82,101,30,19,46,97,93,27,36,97,130,141,144,36,23,170,140
6,124,93,142,122,93,175,56,78,40,75,118,125,98,145,161,37,102,57,24,165,83,187,173,138,106,163,77,125,18,173,82,140,148,52,116,84,137,27,127,83,41,56,70,47,23,184,80,163,43,15,40,137,161,139,58,111,100,172,19,133,65,94,136,123,57,47,88,146,112,28,79,124,77,145,93,124,36,147,144,175,134,145,105,67,194,89,147,16,95,172,34,40,127,116,26,95,56,90,192,32,146,165,171,55,116,190,55,149,59,68,24,0,191,111,172,163,60,14,135,158,113,185,185,188,64,137,102,94,182,177,27,161,178,172,167,58,155,104,120,8,27,66,118,114,45,56,119,149,158,164,58,10,190,158
193,68,100,58,74,100,17,136,115,174,119,75,75,95,46,30,175,89,136,181,38,116,14,34,60,86,32,114,68,180,18,112,57,43,140,79,107,54,186,66,111,168,139,123,145,170,34,111,31,163,189,185,64,31,52,139,85,92,21,171,59,126,97,55,69,134,168,107,52,81,188,114,71,119,47,98,67,159,44,52,21,58,55,86,133,4,101,54,175,96,24,159,188,68,77,166,97,138,101,2,160,57,35,42,152,77,4,136,46,135,124,171,191,0,80,19,29,145,198,56,38,78,9,6,28,133,63,93,102,21,16,188,42,19,20,25,137,36,92,71,198,186,125,75,79,146,135,75,43,47,27,134,193,2,37
114,25,30,33,16,31,66,58,35,101,39,9,22,28,35,50,101,9,55,105,54,50,76,63,29,5,51,36,14,102,62,32,30,37,60,30,28,30,110,26,30,95,64,43,65,90,74,34,56,90,111,112,31,52,28,65,14,12,60,92,22,48,18,29,11,56,96,27,36,6,112,42,15,48,38,18,13,81,36,33,63,23,36,6,63,83,24,38,95,17,60,81,115,18,7,87,23,58,25,82,80,38,54,62,81,6,79,58,38,60,49,93,111,80,0,61,56,75,120,25,47,15,74,74,77,60,30,31,23,71,66,112,51,66,61,57,63,45,34,10,119,110,47,25,25,67,57,26,38,49,55,58,115,80,47
174,50,82,40,55,82,11,117,96,156,100,56,56,77,27,11,157,70,116,163,24,99,17,24,41,66,14,96,49,161,1,93,38,24,121,63,88,36,168,49,91,150,121,104,126,151,30,93,18,145,170,168,46,16,33,121,66,73,3,153,40,108,78,37,50,116,151,88,33,62,170,96,51,101,30,79,48,140,25,33,10,39,38,67,116,23,83,36,156,77,10,140,171,49,58,147,78,119,82,21,141,40,20,31,135,58,18,118,28,117,106,152,172,19,61,0,16,128,180,36,20,60,13,13,28,115,45,76,82,18,5,170,27,11,4,11,119,18,76,52,180,168,106,58,62,127,117,58,24,31,11,116,175,19,18
165,39,72,43,54,71,12,108,90,145,94,53,56,66,21,17,146,64,110,153,36,87,33,39,43,61,23,87,46,152,17,88,41,22,114,50,80,27,157,37,86,139,111,98,118,144,46,84,2,134,161,156,49,4,29,110,64,66,19,144,37,99,70,28,45,107,139,83,37,58,159,85,49,90,18,73,42,130,22,36,26,37,42,61,104,31,74,42,147,70,25,131,159,48,54,138,69,112,73,30,134,46,32,45,123,54,30,108,32,107,96,143,163,29,56,16,0,116,170,31,28,51,27,24,44,104,47,64,78,34,21,159,37,28,20,6,108,12,63,46,171,157,98,46,50,119,108,46,24,41,6,106,166,28,26
59,78,47,108,90,46,128,27,55,29,56,84,96,51,101,119,31,67,46,41,128,29,145,136,104,72,122,41,89,43,129,60,105,106,44,66,49,92,44,79,59,24,16,52,41,51,147,44,115,19,51,40,106,114,98,13,82,64,128,45,95,34,57,91,84,30,23,65,110,79,45,34,90,27,98,61,84,26,105,108,133,96,111,70,13,147,52,113,47,59,131,29,43,93,82,37,53,51,50,146,47,114,127,136,7,81,146,29,111,18,28,36,60,145,75,128,116,0,61,94,119,69,141,139,150,16,105,52,70,142,133,46,125,136,130,120,16,110,53,80,65,44,33,70,66,33,30,70,108,123,118,23,57,144,119
8,131,99,152,132,99,182,62,88,35,85,127,135,104,153,169,33,111,67,20,174,87,195,182,147,115,171,84,134,19,181,92,149,156,62,122,92,144,19,133,93,38,60,80,57,35,193,87,169,42,10,31,147,168,147,61,121,108,179,29,142,72,102,143,131,64,42,98,155,121,19,85,133,81,152,102,132,40,155,153,183,143,155,114,69,201,97,157,26,103,180,39,30,136,125,33,102,67,98,199,44,156,174,181,54,125,198,62,158,64,74,27,14,198,120,180,170,61,0,143,167,120,193,192,197,67,147,107,104,191,184,18,170,186,180,174,62,162,109,128,9,19,73,124,120,53,63,125,157,168,171,64,5,197,167
138,19,47,23,24,47,41,81,60,121,64,22,28,43,10,26,122,34,80,127,35,66,52,43,20,30,28,59,16,125,37,57,19,13,85,32,51,9,132,18,56,115,85,68,89,115,54,56,31,110,134,133,26,27,4,86,33,36,36,116,9,71,41,9,14,79,116,52,21,27,134,61,20,66,16,43,12,104,12,18,40,9,25,31,81,59,46,26,119,41,37,104,135,19,23,110,42,83,46,57,105,29,34,45,100,23,55,81,19,81,70,116,135,56,25,36,31,94,143,0,26,25,49,49,56,80,24,43,48,49,41,134,33,43,37,32,83,20,43,16,143,132,70,26,29,91,80,26,14,33,30,80,138,55,25
161,44,73,20,38,73,30,105,81,147,84,40,37,69,21,11,147,56,102,152,10,92,29,17,22,52,6,83,33,149,21,77,20,15,107,57,75,31,157,43,76,140,110,89,111,137,28,80,30,135,158,158,26,25,22,111,49,59,18,139,25,95,65,31,36,103,142,72,14,46,159,86,35,92,29,65,36,128,16,15,17,24,18,53,107,42,70,16,142,64,14,128,161,32,42,134,67,103,71,40,127,20,8,20,126,42,36,105,9,106,95,140,158,38,47,20,28,119,167,26,0,50,30,33,30,105,25,69,66,24,22,159,9,20,18,25,109,19,69,39,166,157,94,51,55,114,104,52,12,13,22,105,162,38,2
115,13,22,42,29,23,62,58,41,97,45,22,35,18,33,50,98,17,59,103,59,42,76,67,38,17,53,36,23,101,61,40,38,37,64,15,29,24,108,15,38,91,61,48,67,93,78,33,50,86,110,108,41,48,29,61,29,19,60,93,27,48,20,23,17,56,92,37,42,21,110,36,26,42,32,25,16,80,36,39,64,28,44,17,57,81,24,46,97,20,62,81,111,29,21,87,18,63,22,80,83,48,58,68,76,20,78,58,43,57,46,92,113,78,15,60,51,69,120,25,50,0,73,72,81,55,40,19,35,73,65,110,56,67,61,54,59,42,21,13,120,108,47,10,10,68,57,11,39,56,51,56,115,78,50
187,63,95,50,67,95,16,130,108,169,112,68,67,90,40,24,170,83,129,176,29,112,8,26,52,79,24,108,61,174,12,105,49,36,134,75,101,49,181,62,104,163,134,116,138,164,27,105,29,158,183,181,56,28,46,134,78,86,13,165,52,121,91,50,62,129,164,100,44,74,183,109,63,114,43,92,61,153,37,44,13,51,47,80,129,13,96,46,169,90,16,153,184,61,70,160,91,131,95,11,154,49,26,33,148,70,6,130,38,130,119,165,185,9,74,13,27,141,193,49,30,73,0,6,22,128,55,89,95,13,8,183,33,11,13,22,132,31,88,65,193,181,119,71,75,140,130,71,36,38,23,129,188,10,29
187,62,94,52,68,94,12,130,109,168,113,69,69,89,40,25,169,83,130,175,34,110,14,31,54,80,26,108,62,174,13,106,52,37,134,73,101,48,180,60,105,162,133,117,139,164,33,105,25,157,183,179,59,25,46,133,80,86,15,165,53,120,91,49,63,128,162,101,46,75,182,108,65,113,41,92,61,153,38,47,17,52,50,80,127,9,95,49,169,90,19,153,182,63,71,160,90,132,95,8,154,52,30,39,146,71,7,130,41,129,118,165,185,6,74,13,24,139,192,49,33,72,6,0,28,127,58,87,96,19,11,182,37,16,15,19,131,30,86,65,192,180,119,69,73,140,129,69,37,42,21,128,187,6,31
191,74,103,47,66,103,36,136,110,177,113,70,64,99,49,32,178,86,131,182,23,122,14,15,50,82,28,114,63,179,27,106,48,44,136,86,105,59,187,72,105,171,141,118,141,166,7,111,46,166,188,188,52,43,52,141,78,89,25,169,55,125,95,60,66,133,172,100,42,76,189,116,64,122,55,95,66,159,45,44,18,54,44,83,137,32,101,42,172,94,20,158,191,61,72,164,98,133,101,30,156,43,23,20,156,72,24,135,39,137,125,170,188,28,77,28,44,150,197,56,30,81,22,28,0,136,52,98,95,10,23,189,27,16,24,38,139,43,99,70,196,187,124,81,85,144,134,81,42,31,38,135,192,30,31
64,65,33,93,75,33,116,15,40,41,41,69,80,38,88,106,42,52,34,49,114,20,132,122,89,56,108,26,74,49,116,45,90,93,33,55,33,79,53,67,44,35,8,37,32,50,133,28,103,30,58,53,90,102,84,6,67,49,115,46,81,20,42,78,70,18,36,50,96,64,55,19,75,14,86,45,70,28,92,93,120,82,96,55,6,135,37,98,49,43,117,30,56,78,67,38,38,39,35,134,43,99,113,122,21,66,133,17,97,5,12,40,64,133,60,115,104,16,67,80,105,55,128,127,136,0,90,40,54,128,120,55,110,123,116,108,6,97,42,66,70,53,18,58,54,25,18,58,94,109,106,10,63,132,105
140,41,59,5,15,60,53,87,59,130,62,21,12,57,30,34,130,38,80,133,29,80,54,36,4,33,31,65,16,130,45,55,7,26,85,52,57,33,139,41,54,124,93,67,90,115,47,62,49,119,138,141,2,44,22,95,26,40,43,118,16,76,48,33,23,84,126,49,11,26,141,71,15,78,38,45,24,109,26,11,43,15,8,35,92,67,53,10,121,46,39,109,144,12,23,114,52,81,55,65,105,9,30,34,111,23,61,86,17,90,78,121,137,63,30,45,47,105,147,24,25,40,55,58,52,90,0,59,43,48,47,140,25,45,43,46,92,35,61,27,145,139,76,46,48,94,85,47,24,21,43,87,142,63,26
103,25,11,61,47,9,76,47,42,81,46,39,53,5,49,67,82,28,54,89,78,24,93,85,57,31,71,29,42,89,77,43,57,55,57,14,26,40,94,27,41,75,47,46,60,84,97,27,63,70,98,92,60,62,47,46,44,27,76,83,46,39,23,39,36,46,75,43,61,37,95,22,45,26,46,30,35,67,54,59,81,47,63,30,40,95,22,65,86,24,79,68,95,47,38,76,14,59,17,94,75,67,76,87,59,37,93,47,61,43,34,80,102,93,31,76,64,52,107,43,69,19,89,87,98,40,59,0,43,90,81,96,75,84,77,68,45,58,4,32,109,94,37,18,14,58,47,18,57,75,66,44,103,92,68
98,47,36,48,28,37,88,47,17,91,19,26,31,38,58,71,91,18,37,92,72,53,95,79,44,18,71,29,34,88,83,12,47,59,42,48,23,53,98,49,12,85,56,24,48,72,90,27,79,80,96,102,43,75,50,58,17,17,81,76,43,37,20,52,34,44,88,6,53,21,100,40,31,47,62,13,36,69,58,51,83,43,51,19,59,105,23,53,79,19,80,68,105,34,25,72,29,38,28,103,62,52,72,77,75,25,100,46,57,53,42,79,94,102,23,82,78,70,104,48,66,35,95,96,95,54,43,43,0,90,86,100,67,86,82,80,55,67,47,33,102,98,37,45,44,52,45,46,59,64,77,49,99,102,66
185,65,95,43,62,96,26,129,105,170,108,64,60,91,41,23,170,80,126,175,20,114,7,14,46,76,20,107,57,173,17,101,43,36,131,78,99,51,181,64,100,164,134,113,136,161,14,104,36,159,182,181,49,33,44,134,73,83,16,163,49,119,89,52,60,127,165,96,37,71,183,109,59,115,46,89,59,152,37,39,9,48,40,77,129,25,94,38,166,88,11,152,184,56,66,158,91,128,94,23,151,41,18,21,149,66,17,129,33,130,119,164,182,21,71,18,34,142,191,49,24,73,13,19,10,128,48,90,90,0,13,183,24,6,14,28,132,34,90,63,190,181,118,72,76,138,128,73,34,29,28,128,186,23,24
179,56,87,42,59,87,14,122,100,162,104,60,59,82,32,15,162,74,121,168,23,105,12,22,44,71,16,100,53,166,4,97,41,28,126,68,93,41,173,54,96,155,126,108,130,156,27,97,23,150,175,173,48,21,37,126,70,77,5,157,44,112,83,42,54,120,156,92,36,66,175,101,55,106,35,84,53,145,29,36,7,43,40,72,121,20,87,38,160,82,9,145,176,53,62,152,83,123,87,18,146,42,20,29,140,62,14,122,31,122,111,157,177,16,66,5,21,133,184,41,22,65,8,11,23,120,47,81,86,13,0,175,27,7,4,16,124,23,81,57,184,173,111,63,67,132,121,63,28,32,16,121,180,16,21
22,120,88,145,125,88,171,54,83,18,81,120,130,93,143,160,15,103,64,8,167,74,186,175,141,108,162,76,127,14,171,88,142,147,59,110,84,134,2,122,88,22,49,76,54,39,186,79,159,26,12,13,141,157,138,49,115,100,170,30,134,64,94,133,123,57,25,94,148,114,1,74,126,69,141,95,123,31,146,146,174,135,148,107,56,190,89,150,29,95,171,32,13,129,118,29,92,66,88,189,45,150,166,174,39,118,188,54,150,53,64,21,27,188,112,170,159,46,18,134,159,110,183,182,189,55,140,96,100,183,175,0,163,177,171,163,51,152,97,120,26,2,65,113,109,48,56,113,148,161,161,54,18,187,159
164,52,78,19,39,79,37,109,83,152,86,43,37,75,30,20,152,60,104,156,4,98,31,12,23,55,14,87,36,153,27,79,21,24,109,65,79,39,161,51,78,145,115,91,114,139,23,84,39,140,162,163,25,34,29,116,50,63,24,142,30,99,69,40,41,107,147,73,15,49,163,91,37,98,39,68,41,132,24,17,21,29,16,57,112,46,75,14,145,68,18,132,166,34,45,137,72,105,76,44,129,17,7,12,131,45,39,109,14,111,100,144,161,42,51,27,37,125,170,33,9,56,33,37,27,110,25,75,67,24,27,163,0,23,23,33,113,28,76,45,169,161,98,59,62,117,108,59,21,5,31,109,165,43,11
180,59,90,40,58,90,21,124,101,164,104,60,57,85,35,17,165,75,121,170,18,108,9,16,43,72,15,102,53,168,11,97,40,30,126,72,94,45,175,58,96,158,128,109,131,157,19,99,30,153,177,176,46,27,39,129,69,78,9,159,44,114,84,46,55,122,159,92,34,66,177,104,55,109,40,85,54,147,31,35,3,43,37,72,124,24,89,36,162,83,6,147,178,52,62,153,85,123,89,22,147,39,16,23,143,62,16,124,29,124,113,159,178,19,66,11,28,136,186,43,20,67,11,16,16,123,45,84,86,6,7,177,23,0,8,22,126,27,84,58,186,175,113,66,70,133,123,67,29,28,22,123,181,21,20
175,52,83,38,54,83,15,118,96,158,99,56,54,79,28,11,159,70,116,164,20,101,15,20,40,66,11,96,48,162,4,93,37,24,121,65,88,38,169,50,91,152,122,104,126,151,26,93,22,147,171,169,44,19,33,122,65,73,1,153,40,108,78,39,50,116,152,87,31,62,171,97,51,103,32,79,48,141,25,32,6,39,35,67,117,24,83,34,156,78,6,141,172,48,58,147,79,119,83,22,141,38,16,27,136,57,18,118,26,118,107,153,172,20,61,4,20,130,180,37,18,61,13,15,24,116,43,77,82,14,4,171,23,8,0,14,120,20,77,52,180,169,107,59,63,128,117,60,24,28,14,117,175,21,16
169,43,75,42,54,75,9,111,92,149,96,54,56,70,22,13,150,66,112,156,31,91,27,34,42,63,19,90,47,155,11,89,39,21,116,54,82,29,161,41,88,143,114,100,121,146,41,87,8,138,164,160,48,6,30,114,64,68,13,147,38,102,73,30,46,110,143,85,35,59,163,89,50,94,22,75,44,134,22,35,20,37,40,63,108,27,77,39,150,72,20,134,163,48,55,141,72,115,76,26,136,43,27,40,127,55,25,112,30,110,100,146,167,25,57,11,6,120,174,32,25,54,22,19,38,108,46,68,80,28,16,163,33,22,14,0,112,13,67,48,174,161,101,50,54,122,111,50,23,37,3,110,169,24,23
59,69,37,96,77,37,120,11,40,38,40,71,82,42,92,109,39,54,31,44,117,25,135,125,91,59,112,27,77,44,120,45,93,96,29,59,35,83,49,71,44,32,2,36,27,44,136,30,108,27,53,49,92,106,88,4,68,51,119,40,84,18,44,82,73,15,34,50,98,66,51,23,77,19,90,47,73,23,95,96,123,85,99,57,11,139,39,101,43,46,121,24,52,80,69,32,41,35,38,138,37,101,116,124,20,69,137,13,100,2,14,35,58,137,63,119,108,16,62,83,109,59,132,131,139,6,92,45,55,132,124,51,113,126,120,112,0,101,47,69,64,49,18,62,58,20,14,63,98,111,110,7,58,136,108
157,32,64,32,42,64,21,100,79,138,83,41,44,59,9,11,139,53,100,145,28,81,35,33,31,50,16,78,34,144,19,77,29,9,104,45,70,18,150,31,75,132,103,87,108,134,43,75,13,127,153,149,37,9,17,103,52,56,19,135,25,90,61,19,34,98,133,72,26,47,152,78,38,83,13,63,31,122,10,24,25,25,31,51,98,39,65,30,138,60,22,123,152,36,43,129,60,102,64,38,124,35,25,38,117,42,36,100,20,99,88,135,155,36,45,18,12,110,162,20,19,42,31,30,43,97,35,58,67,34,23,152,28,27,20,13,101,0,57,35,162,150,89,40,44,110,99,40,12,32,10,98,157,36,17
105,25,14,63,49,13,75,49,46,82,50,42,56,9,50,67,83,32,58,91,79,24,93,86,59,34,71,33,45,91,76,47,59,55,61,13,30,40,95,27,45,76,49,50,63,87,98,31,62,71,99,93,62,61,48,48,47,31,76,85,48,43,27,39,38,49,76,47,63,40,97,25,47,28,46,34,37,70,54,60,82,48,65,33,41,94,26,67,89,28,79,71,96,50,41,78,18,62,22,93,78,69,77,88,60,40,93,50,62,45,36,82,104,92,34,76,63,53,109,43,69,21,88,86,99,42,61,4,47,90,81,97,76,84,77,67,47,57,0,34,111,95,41,18,14,61,50,18,57,76,66,46,105,91,68
122,17,34,29,17,34,56,66,44,107,48,11,24,31,26,41,108,18,65,112,48,54,67,56,25,15,43,44,11,110,53,42,25,28,69,26,36,20,118,18,40,101,71,52,74,99,67,41,46,96,119,118,28,42,19,72,22,21,51,101,15,56,26,19,4,64,102,37,30,14,120,47,14,53,28,28,4,89,27,27,55,16,32,16,68,74,31,33,104,25,52,89,121,16,11,95,28,67,31,73,89,35,47,56,87,10,70,66,31,67,56,101,120,71,10,52,46,80,128,16,39,13,65,65,70,66,27,32,33,63,57,120,45,58,52,48,69,35,34,0,128,118,55,20,21,75,65,21,29,43,45,65,123,71,39
6,132,100,150,130,100,182,63,86,42,83,126,133,105,153,169,39,110,65,26,173,89,195,181,146,114,170,84,133,22,181,90,148,156,60,123,92,145,27,134,91,44,62,78,55,31,192,87,170,47,15,40,145,168,147,64,119,107,179,27,141,72,102,144,130,64,49,96,154,120,27,86,132,83,152,101,132,42,155,152,183,142,153,113,73,201,97,155,24,103,180,40,39,135,124,33,102,65,98,200,40,154,173,179,59,124,198,62,157,66,75,30,8,198,119,180,171,65,9,143,166,120,193,192,196,70,145,109,102,190,184,26,169,186,180,174,64,162,111,128,0,27,73,125,122,52,63,126,157,166,172,65,8,198,166
23,118,86,143,123,86,169,52,81,16,79,118,128,91,141,158,14,101,62,6,165,72,184,173,139,106,160,74,125,13,169,86,140,145,57,108,82,132,0,120,86,20,47,74,52,38,184,77,157,24,12,13,139,155,136,47,113,98,168,29,132,62,92,131,121,55,23,92,146,112,2,72,124,67,139,93,121,29,144,144,172,133,146,105,54,188,87,148,28,93,169,30,13,127,116,28,90,64,86,187,43,148,164,172,37,116,186,52,148,51,62,19,27,186,110,168,157,44,19,132,157,108,181,180,187,53,139,94,98,181,173,2,161,175,169,161,49,150,95,118,27,0,63,111,107,46,54,111,146,159,159,52,19,185,157
68,59,27,80,60,28,109,11,22,55,23,55,65,33,80,96,54,38,19,57,102,27,122,110,76,43,98,11,62,55,107,27,77,83,21,51,19,71,63,61,26,48,19,19,23,47,121,14,97,43,64,66,76,95,74,21,51,36,106,47,69,2,29,70,58,9,51,32,83,49,65,16,61,19,79,30,59,34,82,81,110,70,83,42,24,128,24,85,50,30,107,34,68,65,53,40,29,24,25,126,38,85,101,109,38,53,125,11,85,16,8,46,66,125,47,106,98,33,73,70,94,47,119,119,124,18,76,37,37,118,111,65,98,113,107,101,18,89,41,55,73,63,0,53,49,21,10,53,84,96,98,12,68,124,94
120,7,26,47,37,25,58,63,50,99,54,30,44,20,32,49,100,27,67,107,61,42,75,68,43,28,53,42,30,106,59,50,43,37,71,6,37,22,111,9,48,93,64,57,74,99,80,40,45,88,115,110,48,44,30,64,39,29,58,99,31,54,29,21,24,62,93,47,46,31,113,39,34,44,28,34,21,85,36,43,64,32,49,27,58,77,31,50,102,29,61,85,113,36,30,92,24,71,29,76,90,53,59,70,77,29,75,63,45,61,50,97,118,75,25,58,46,70,124,26,51,10,71,69,81,58,46,18,45,72,63,113,59,66,59,50,62,40,18,20,125,111,53,0,4,74,63,1,39,59,48,60,120,74,51
116,11,22,50,38,21,62,59,48,95,52,31,45,16,35,53,96,26,64,103,64,38,79,72,45,27,57,39,32,102,63,47,45,41,67,5,33,26,107,13,45,89,61,54,71,96,83,36,49,84,111,106,50,48,34,60,39,27,62,95,34,51,26,25,26,58,89,45,49,31,109,36,35,40,32,32,24,81,40,46,67,35,52,26,54,81,28,53,98,27,65,81,109,38,31,89,21,68,25,80,86,55,63,74,73,30,79,59,48,57,46,93,114,79,25,62,50,66,120,29,55,10,75,73,85,54,48,14,44,76,67,109,62,70,63,54,58,44,14,21,122,107,49,4,0,70,59,4,43,62,52,57,116,78,54
47,80,48,99,79,49,130,12,35,42,34,74,83,54,100,117,40,58,17,40,121,43,142,129,94,62,118,32,81,36,128,40,96,104,13,72,39,92,46,82,41,36,19,28,9,26,140,35,118,32,44,51,94,116,94,23,68,55,127,25,89,20,49,91,78,12,41,46,102,68,48,36,80,35,100,49,79,17,103,100,130,90,102,61,31,149,45,104,29,50,127,16,54,83,72,20,50,20,46,147,18,103,121,128,33,72,145,11,105,20,25,27,45,146,67,127,119,33,53,91,114,68,140,140,144,25,94,58,52,138,132,48,117,133,128,122,20,110,61,75,52,46,21,74,70,0,11,74,104,115,119,16,48,145,114
58,69,37,89,70,38,119,3,28,47,28,65,74,43,90,106,46,48,16,48,112,33,132,120,85,52,108,21,71,45,118,33,87,93,15,61,29,81,54,71,33,40,14,23,15,37,131,24,107,36,54,57,85,105,84,18,60,45,116,36,79,9,39,80,68,1,44,39,93,59,56,25,71,25,89,40,69,25,92,90,120,80,92,51,24,138,34,94,40,40,117,24,60,74,63,30,39,21,35,137,28,94,111,119,32,63,135,1,95,13,14,36,56,135,57,117,108,30,63,80,104,57,130,129,134,18,85,47,45,128,121,56,108,123,117,111,14,99,50,65,63,54,10,63,59,11,0,63,94,105,109,8,58,135,104
120,8,26,48,38,25,58,63,51,99,55,31,45,20,32,49,100,28,68,107,62,41,75,69,44,29,53,43,31,106,59,51,43,38,71,6,37,22,111,9,48,93,65,57,75,100,80,40,45,88,115,110,48,44,31,64,40,30,58,99,32,55,30,21,25,62,93,48,47,32,113,40,35,44,28,35,22,85,37,44,64,33,50,28,58,77,32,51,102,30,61,85,113,37,31,93,25,71,29,76,90,53,60,71,77,30,75,64,46,61,50,97,119,75,26,58,46,70,125,26,52,11,71,69,81,58,47,18,46,73,63,113,59,67,60,50,63,40,18,21,126,111,53,1,4,74,63,0,40,60,48,61,120,74,51
151,32,61,20,32,62,30,95,72,136,76,32,33,57,9,13,136,47,93,141,22,80,38,29,20,43,14,73,25,139,25,69,17,3,98,45,65,18,146,31,68,129,100,80,102,128,40,70,25,124,148,147,25,20,10,100,43,49,23,130,16,85,55,19,26,93,130,64,14,38,148,75,28,81,18,56,25,118,4,13,26,15,19,44,95,47,60,19,133,54,23,118,150,26,34,124,56,95,60,45,118,23,20,32,115,34,42,95,9,96,84,130,149,43,38,24,24,108,157,14,12,39,36,37,42,94,24,57,59,34,28,148,21,29,24,23,98,12,57,29,157,146,84,39,43,104,94,40,0,22,20,94,152,43,11
161,52,77,16,36,78,42,107,80,150,83,41,33,74,32,24,150,57,101,153,9,97,36,16,20,53,18,85,34,150,32,76,19,25,106,65,77,40,159,52,75,143,113,88,111,136,26,82,43,138,159,161,21,38,29,114,47,60,29,139,29,97,67,41,39,104,145,70,13,47,161,90,35,96,41,66,40,130,26,16,26,28,13,54,111,51,73,11,142,66,23,129,164,31,43,135,71,102,74,49,126,12,12,13,130,43,44,107,14,109,98,141,158,47,49,31,41,123,168,33,13,56,38,42,31,109,21,75,64,29,32,161,5,28,28,37,111,32,76,43,166,159,96,59,62,115,105,60,22,0,35,107,162,48,15
166,41,73,39,51,73,11,109,89,147,93,51,53,68,19,11,148,63,109,154,29,90,28,32,39,60,17,87,44,153,12,87,37,18,114,53,80,27,159,39,85,141,112,97,118,144,40,85,9,136,162,158,45,5,27,112,62,66,13,145,35,100,70,28,43,108,141,82,33,56,161,87,47,92,20,72,41,132,19,32,20,34,38,61,106,29,75,37,148,70,19,132,161,45,52,139,70,112,74,28,134,41,25,38,125,52,27,109,27,108,97,144,164,27,55,11,6,118,171,30,22,51,23,21,38,106,43,66,77,28,16,161,31,22,14,3,110,10,66,45,172,159,98,48,52,119,109,48,20,35,0,107,167,26,20
59,67,35,91,72,35,118,5,33,43,33,66,77,40,89,106,43,49,24,47,113,27,132,121,87,54,108,22,73,45,117,38,88,93,23,58,30,80,52,69,38,37,7,29,22,42,132,25,106,32,54,54,88,104,84,10,63,47,116,39,80,12,40,79,69,8,39,43,94,61,54,21,73,19,88,42,69,24,92,92,120,81,94,53,16,137,35,96,42,41,117,25,57,76,64,32,38,29,34,136,34,96,112,120,26,64,134,7,96,5,10,36,58,134,58,116,106,23,64,80,105,56,129,128,135,10,87,44,49,128,121,54,109,123,117,110,7,98,46,65,65,52,12,60,57,16,8,61,94,107,107,0,59,134,104
4,126,94,146,126,95,177,58,83,34,80,122,130,100,148,164,31,106,62,18,169,83,190,177,142,110,166,79,129,15,176,87,144,151,57,117,87,139,19,128,88,36,56,75,52,30,188,82,165,39,7,32,142,163,142,57,116,103,175,24,137,67,97,138,126,59,41,93,150,116,19,81,128,77,147,97,127,35,150,148,178,138,149,109,66,196,92,151,21,98,175,35,31,131,120,28,97,62,93,195,38,151,169,176,51,120,193,57,153,60,70,23,10,193,115,175,166,57,5,138,162,115,188,187,192,63,142,103,99,186,180,18,165,181,175,169,58,157,105,123,8,19,68,120,116,48,58,120,152,162,167,59,0,193,162
192,67,99,58,74,99,16,135,115,173,119,75,75,94,45,30,174,89,135,180,39,115,16,36,60,85,32,114,68,179,18,112,57,43,140,78,106,53,185,65,110,167,138,123,144,170,36,111,29,162,188,184,65,30,52,138,85,91,21,171,59,126,96,54,69,134,167,107,52,81,187,113,71,118,46,98,67,158,44,52,22,58,56,86,132,4,101,54,174,96,25,158,187,68,77,165,96,138,100,2,160,58,36,43,151,77,6,135,47,134,123,170,190,2,80,19,28,144,197,55,38,78,10,6,30,132,63,92,102,23,16,187,43,21,21,24,136,36,91,71,198,185,124,74,78,145,135,74,43,48,26,134,193,0,37
161,43,72,21,38,73,28,105,81,146,85,41,38,68,20,9,147,56,102,151,11,91,29,18,23,52,5,83,33,149,19,78,21,14,107,56,75,29,157,42,76,140,110,89,112,137,29,80,28,135,158,158,28,23,21,111,50,59,16,139,25,95,65,30,36,103,141,72,15,47,159,86,35,92,28,65,35,128,14,16,17,24,19,53,106,41,70,18,142,64,14,128,160,33,43,134,67,104,71,39,127,22,9,21,125,42,34,105,10,106,95,140,158,37,47,18,26,119,167,25,2,50,29,31,31,105,26,68,66,24,21,159,11,20,16,23,108,17,68,39,166,157,94,51,54,114,104,51,11,15,20,104,162,37,0
